sa1_code,age_0_4,age_5_9,age_10_14,age_15_19,age_20_24,age_25_29,age_30_34,age_35_39,age_40_44,age_45_49,age_50_54,age_55_59,age_60_64,age_65_69,age_70_74,age_75_79,age_80_84,age_85_89,age_90_and_over
7021102,15,0,6,9,9,18,21,15,6,6,12,6,6,6,3,6,0,3,0
7021104,9,9,9,6,9,6,18,9,9,12,3,3,3,9,3,3,3,3,0
7021023,12,9,12,15,15,9,12,12,18,12,9,9,9,9,3,3,3,3,0
7020937,3,6,6,24,18,9,3,3,12,9,27,18,9,12,9,6,3,3,0
7020934,12,9,12,9,6,18,21,15,9,12,18,21,15,12,12,6,3,3,0
7021034,3,3,6,9,3,6,6,6,3,6,15,6,3,3,3,0,3,3,0
7020935,6,9,9,12,9,6,9,12,15,6,9,15,15,12,0,9,3,0,3
7021036,3,9,12,9,6,3,9,6,9,0,12,6,6,6,0,3,3,3,0
7021035,12,15,9,9,9,18,30,21,18,12,18,9,6,6,3,6,0,0,3
7021022,9,18,9,6,6,15,18,21,12,9,15,9,6,6,6,0,3,3,3
7021031,9,9,12,12,18,3,3,15,12,12,9,12,6,6,6,3,3,0,0
7021032,9,18,18,3,9,21,15,12,18,9,12,9,12,6,6,0,3,3,0
7020931,15,12,12,15,12,9,9,18,18,21,15,18,6,6,3,3,0,3,0
7020932,6,9,21,21,3,6,12,9,9,21,21,21,12,6,9,6,3,3,0
7021010,12,15,9,9,6,12,15,18,12,21,12,15,6,9,6,0,3,0,0
7021016,18,9,15,9,21,21,18,12,15,9,15,12,6,12,3,6,3,3,0
7021006,6,12,12,9,9,12,12,12,6,9,6,3,9,3,3,0,0,3,0
7021004,6,18,18,15,12,18,9,9,15,18,6,15,3,6,3,3,3,0,0
7021007,9,12,9,9,9,15,9,12,6,9,9,6,6,6,3,0,3,0,0
7021005,9,18,18,12,6,15,18,24,12,9,6,12,6,9,0,0,0,0,0
7021014,3,0,6,6,3,6,18,12,18,9,6,3,3,6,3,0,3,0,0
7021015,9,6,6,0,0,6,9,6,9,6,9,6,3,3,3,3,0,3,0
7021129,,,,,,,,,,,,,,,,,,,
7021107,6,6,9,6,3,12,15,6,9,6,12,6,9,0,3,0,0,0,0
7021111,3,6,9,3,3,3,3,6,6,6,6,6,6,3,6,3,3,3,0
7021097,9,15,3,9,6,6,6,9,9,12,3,9,6,6,9,3,6,3,0
7021106,6,15,12,15,12,12,12,15,21,6,12,9,9,6,6,6,3,3,0
7021115,9,18,18,15,6,9,15,18,15,15,9,9,12,6,3,6,0,3,0
7021116,6,6,6,6,9,6,6,6,9,9,12,12,9,3,3,0,0,0,0
7021147,6,0,6,15,9,6,6,6,3,12,12,9,3,6,6,6,0,0,0
7034787,9,12,6,9,9,12,9,6,9,9,6,6,6,3,9,3,0,0,0
7021150,3,3,6,9,3,3,6,3,3,6,12,9,12,3,3,3,0,0,0
7021120,9,9,12,12,12,12,9,9,9,12,9,12,15,18,6,6,0,0,0
7021122,6,12,15,18,18,6,12,3,12,24,21,15,21,6,3,3,3,0,0
7021123,6,18,15,18,6,3,6,12,15,18,12,9,3,6,6,3,3,3,0
7020961,15,18,15,12,12,3,15,12,15,12,12,9,6,6,6,3,3,3,0
7021084,12,3,6,6,9,18,18,12,15,6,0,9,9,3,6,0,3,0,3
7021081,0,3,3,3,9,9,9,3,3,6,3,12,0,3,3,3,3,3,0
7034776,6,3,9,6,9,12,15,9,9,3,9,6,3,0,0,0,0,0,0
7034777,3,6,12,9,6,15,9,6,9,9,3,6,12,3,3,0,0,0,0
7034763,6,6,3,9,6,6,9,15,12,9,3,12,9,3,0,3,3,0,0
7021085,12,12,9,9,12,12,15,12,18,9,12,15,9,12,3,3,0,0,0
7021088,12,9,9,9,12,9,30,12,15,12,9,6,6,9,3,0,3,0,0
7020983,9,15,15,12,9,21,18,15,21,9,6,6,3,3,3,6,0,0,3
7021090,6,6,9,9,9,12,18,15,6,12,12,6,9,0,0,3,0,0,0
7021067,12,6,21,3,9,18,21,3,15,12,6,12,12,6,6,0,3,0,3
7021068,15,9,12,21,18,6,15,18,12,15,9,24,6,9,3,6,3,0,0
7021092,9,12,6,6,6,21,15,21,15,9,3,6,3,3,6,0,0,0,0
7034778,9,12,12,12,15,18,15,9,12,12,6,9,3,3,3,0,0,0,0
7021074,15,18,18,9,24,9,24,21,21,21,12,21,9,6,3,3,3,3,0
7021077,12,12,9,12,9,3,12,18,21,15,6,9,3,6,0,0,0,0,0
7034759,3,3,6,6,3,6,6,12,3,0,6,3,3,6,0,3,0,0,0
7020990,6,3,3,3,12,12,15,15,6,6,3,9,12,3,6,6,3,3,0
7020989,12,9,9,12,27,30,21,18,9,6,9,12,18,9,3,3,0,0,0
7020962,12,9,9,12,3,12,24,24,12,3,6,6,9,3,6,0,3,0,0
7020956,12,6,15,6,3,18,12,12,12,12,15,3,9,3,6,6,6,0,0
7020959,15,18,12,12,18,18,12,21,9,15,21,9,6,3,9,9,3,6,0
7020879,3,6,12,9,6,3,12,15,15,12,9,15,6,3,6,0,3,0,0
7020888,12,9,18,12,6,6,18,18,18,12,12,15,3,6,3,3,0,0,0
7020894,0,6,6,6,3,6,6,6,6,3,9,12,6,0,0,0,0,3,0
7020893,12,12,24,12,6,15,15,15,12,21,9,15,3,6,9,6,6,3,0
7020896,9,3,12,9,9,9,15,6,6,12,9,9,9,6,3,3,0,0,0
7020912,6,6,9,6,3,12,6,12,15,12,6,6,6,3,6,3,0,3,3
7034747,12,9,9,12,12,27,33,21,15,12,12,9,9,0,3,0,3,0,0
7020917,6,9,15,9,24,21,21,18,15,12,12,6,6,3,3,3,0,0,0
7020927,9,3,3,15,6,12,15,6,9,9,9,6,3,6,3,3,0,0,0
7020907,3,9,9,6,3,15,12,9,15,6,6,3,6,0,3,3,3,0,3
7034924,9,6,9,3,9,9,9,21,9,6,9,3,3,6,0,3,0,0,0
7034925,3,3,3,3,3,12,9,3,3,3,0,0,0,0,0,0,0,0,0
7021139,9,12,6,9,9,27,15,12,3,12,12,9,6,3,3,3,0,0,0
7020947,9,12,9,3,9,15,6,21,21,9,6,9,6,6,3,0,3,3,0
7020933,12,18,12,9,6,9,15,12,15,9,12,18,12,18,9,6,0,0,0
7020880,9,6,9,3,12,6,21,9,9,12,6,6,6,6,3,0,0,0,0
7020860,6,9,6,18,12,9,9,12,18,6,15,15,18,15,6,6,3,0,0
7020864,6,9,18,15,12,12,15,18,18,12,15,12,15,0,9,3,3,0,3
7020861,6,12,12,15,6,9,9,6,9,12,15,9,12,6,3,6,0,0,0
7020873,6,12,24,18,12,0,3,9,9,15,21,18,3,6,0,0,3,0,0
7020871,0,9,9,12,3,3,0,3,3,9,12,12,3,6,0,3,3,0,0
7020872,9,9,12,9,6,6,6,15,15,12,15,12,9,9,6,3,0,0,0
7020946,3,9,9,9,12,15,9,12,12,9,12,9,12,12,9,6,6,3,0
7021703,3,15,15,12,12,9,3,6,9,6,24,18,12,15,3,6,6,6,0
7021696,9,9,3,15,12,21,15,12,15,9,15,6,9,6,12,6,3,3,3
7021698,6,6,6,15,15,9,9,15,12,15,15,15,9,3,6,3,0,0,0
7021700,9,12,15,18,12,15,12,12,15,15,18,9,12,12,3,6,3,3,0
7021704,6,12,9,9,3,6,3,3,9,6,9,6,12,6,6,6,3,0,0
7037224,3,0,3,3,6,6,6,3,0,3,3,3,3,0,0,0,0,0,0
7021707,12,12,27,6,12,6,15,18,18,21,9,9,12,6,6,3,3,0,3
7021796,3,12,18,12,12,6,6,3,15,15,9,12,3,9,3,6,3,0,0
7021710,9,6,9,9,3,9,9,9,9,15,6,6,6,6,6,0,0,3,0
7021800,9,15,6,6,15,15,30,21,21,12,15,6,12,3,0,3,0,3,0
7021805,9,18,12,9,3,9,9,12,18,18,9,9,9,12,6,6,3,3,0
7021803,6,6,9,12,6,6,3,15,9,9,12,9,9,6,9,6,0,0,0
7034762,,,,,,,,,,,,,,,,,,,
7021811,3,3,6,9,9,12,6,12,9,9,15,12,6,3,3,6,3,0,0
7021708,3,3,6,6,3,6,9,3,3,3,15,0,6,9,9,9,6,3,0
7021715,6,6,15,9,3,3,3,3,12,18,12,15,3,3,9,6,3,3,0
7021809,6,9,12,15,15,27,12,3,12,21,18,18,21,15,0,12,9,0,3
7021723,12,9,18,12,6,15,9,18,9,24,21,9,9,9,6,3,0,0,0
7021721,9,12,9,12,6,12,9,12,9,9,12,12,12,9,3,3,3,0,0
7021726,3,3,9,9,9,6,0,12,9,9,9,15,15,12,18,9,3,3,0
7021720,12,12,12,9,6,6,6,9,15,21,9,9,12,6,6,3,3,0,0
7021498,9,12,15,6,9,3,18,6,18,21,18,9,9,6,9,3,3,3,0
7034811,12,3,9,9,6,3,9,9,9,15,9,6,3,3,3,6,3,0,0
7021496,9,6,6,12,15,15,12,15,9,12,9,12,12,6,6,3,0,0,0
7021497,15,18,6,6,6,21,9,15,9,12,15,21,9,3,6,3,0,0,0
7021331,9,15,15,15,12,3,9,12,6,18,12,21,6,6,6,6,3,0,0
7021332,6,9,6,3,0,6,6,15,9,12,9,6,9,0,0,6,0,0,0
7034813,6,15,9,12,12,6,15,9,15,12,6,12,9,3,3,0,3,3,3
7034812,3,12,9,9,0,6,18,12,9,9,12,6,6,6,6,3,0,0,0
7021326,6,6,12,9,0,9,3,3,12,18,3,0,6,6,6,6,3,3,0
7021327,3,12,15,12,18,15,6,12,12,15,12,12,12,0,0,3,0,0,0
7021505,6,15,15,9,3,3,0,9,12,21,12,9,6,0,0,0,0,3,0
7021507,6,9,9,6,6,12,9,12,12,6,12,6,0,3,6,3,0,0,0
7021506,3,9,12,15,9,9,6,3,9,12,21,21,21,9,9,6,0,0,0
7021511,3,9,12,15,3,3,12,12,12,18,15,9,15,6,3,3,0,3,0
7034855,9,12,18,9,12,12,9,9,18,12,9,12,12,6,3,3,0,0,0
7034856,6,3,6,9,9,15,21,9,12,9,15,3,9,0,3,0,3,0,0
7021517,6,3,12,12,15,18,9,12,6,21,12,15,15,9,12,6,0,0,0
7034863,6,9,21,18,21,6,9,9,15,21,33,18,30,24,18,18,3,3,0
7021537,3,3,12,12,24,21,9,12,6,15,12,21,9,3,6,6,6,0,0
7034816,0,6,6,6,27,24,21,12,9,9,9,9,9,6,3,0,0,3,0
7021526,3,12,12,12,6,9,3,15,15,6,21,15,15,9,3,9,3,3,0
7021533,3,9,18,12,18,9,6,6,12,15,18,15,18,9,9,6,9,0,0
7021351,6,3,9,12,24,18,12,12,9,12,15,9,9,6,6,6,0,0,0
7021355,9,9,12,9,12,27,18,9,15,24,12,9,9,3,12,3,3,0,0
7021352,9,6,3,9,3,6,9,6,6,12,12,9,3,9,3,3,3,0,0
7021358,3,9,6,6,6,3,9,9,12,9,6,6,6,3,6,3,3,0,3
7021369,9,6,0,6,15,30,18,12,6,6,12,15,6,6,6,3,0,0,0
7034801,0,6,21,6,12,12,0,3,6,18,12,6,3,0,3,0,0,0,0
7021256,12,21,9,6,12,9,9,12,18,12,6,9,15,3,3,0,3,0,0
7021356,9,9,9,12,12,9,3,9,12,18,12,12,9,6,9,3,3,3,3
7021354,0,3,3,3,3,18,9,12,6,12,15,6,6,3,6,6,0,0,3
7021342,12,9,12,15,12,9,9,15,24,15,15,9,9,15,12,6,3,0,0
7021210,3,6,12,6,21,15,9,6,9,15,15,9,6,6,3,3,6,0,0
7021260,6,9,12,12,9,3,9,6,12,12,15,15,6,9,6,6,0,3,0
7021261,6,9,9,9,15,18,15,9,15,6,12,12,12,3,9,3,0,0,0
7021282,9,6,15,12,12,18,15,15,12,24,12,6,9,9,6,3,3,0,0
7021259,6,15,9,18,6,6,6,6,12,6,9,6,3,3,3,3,3,0,0
7021216,6,3,9,6,9,6,6,6,9,12,6,12,6,6,3,6,6,3,9
7021221,3,3,9,6,0,0,3,6,3,12,0,3,6,9,9,3,3,3,0
7021220,3,3,6,9,15,12,6,6,6,6,15,9,6,3,6,6,0,3,3
7021218,3,9,12,12,6,3,3,3,12,9,12,3,9,3,3,3,0,3,0
7021213,6,9,12,9,15,12,15,3,6,9,6,12,12,9,3,3,0,0,0
7021211,9,12,18,15,12,6,12,12,15,15,18,15,12,9,9,6,3,0,0
7021223,0,3,6,9,9,6,6,6,0,9,21,6,3,3,0,3,3,6,0
7021175,3,6,6,9,12,12,3,6,6,6,9,3,0,3,3,3,0,0,0
7021188,9,12,6,6,12,3,12,9,9,6,9,12,3,3,0,3,0,0,0
7021187,12,18,12,9,15,18,9,24,15,9,15,12,6,6,3,3,0,0,0
7021179,9,12,9,12,15,15,9,15,12,9,9,3,9,6,3,3,0,0,0
7021186,6,12,9,9,15,3,6,9,12,9,6,9,6,3,3,3,6,0,0
7021189,3,6,3,9,15,6,6,6,6,6,6,3,0,6,6,6,0,3,0
7021190,9,3,9,6,15,6,12,9,6,9,12,3,9,9,3,3,3,0,0
7021191,6,9,12,12,12,6,12,12,9,15,6,6,0,3,6,6,3,0,0
7021194,9,6,3,3,12,3,9,9,3,3,3,6,12,12,9,6,3,3,3
7021193,3,3,3,6,12,3,6,3,6,6,9,3,6,9,3,3,3,3,0
7021181,9,15,18,15,9,21,18,15,9,12,18,15,6,6,3,3,0,0,3
7021182,9,9,18,9,12,9,12,12,15,15,12,15,12,6,6,3,3,0,3
7021180,12,15,18,6,9,9,18,15,15,12,9,6,9,6,0,3,0,3,0
7021154,15,9,9,3,9,12,15,15,15,15,12,12,3,6,12,3,3,0,0
7021158,0,6,6,9,21,3,6,6,9,6,6,6,3,3,3,0,3,0,0
7021159,3,0,12,9,3,3,9,9,6,9,6,6,3,6,6,0,0,0,0
7021163,6,9,12,12,15,6,6,15,12,12,15,6,6,12,6,3,0,0,0
7021162,9,9,6,6,9,6,6,9,12,9,3,3,9,6,6,3,3,0,0
7021225,6,12,18,18,21,6,3,6,12,18,21,21,6,9,6,3,3,0,0
7021226,3,6,15,12,9,6,9,6,12,15,9,12,9,9,9,6,6,3,3
7021229,6,9,15,9,9,12,9,6,12,15,9,15,9,9,9,3,0,0,0
7021228,9,12,12,9,18,3,3,9,12,9,12,9,9,12,15,12,21,18,18
7021230,3,6,15,15,9,0,6,6,6,18,12,9,9,6,6,12,6,0,0
7021236,12,6,12,15,9,6,3,6,15,12,12,12,12,12,6,0,3,0,0
7021240,6,6,3,9,6,6,12,9,9,3,12,9,9,6,6,6,3,3,0
7021242,9,12,15,6,9,6,9,12,6,12,12,12,12,3,3,6,3,0,3
7021235,3,6,6,18,3,6,3,3,3,9,18,15,9,3,9,3,0,0,0
7021243,3,9,9,12,18,6,9,6,9,9,12,21,12,9,9,12,12,3,0
7021248,3,9,9,6,27,9,9,9,9,9,12,18,3,6,3,6,3,0,0
7021247,3,12,9,9,6,9,6,9,9,12,6,6,6,3,6,3,3,0,0
7021206,6,6,12,15,9,3,0,6,12,15,12,18,6,3,9,3,0,0,0
7021246,0,9,12,9,9,9,12,6,6,12,12,9,9,3,0,0,0,3,0
7021203,3,0,3,42,24,0,9,3,3,6,3,6,3,0,0,0,3,0,0
7021205,3,6,12,12,12,6,3,9,12,18,15,12,15,6,9,6,0,0,0
7021208,9,21,18,12,21,6,15,12,18,12,18,15,9,9,6,6,3,3,0
7021195,9,9,6,6,15,9,6,12,3,9,12,3,6,3,0,3,0,0,0
7021200,6,9,12,6,9,12,12,6,12,12,12,3,9,3,6,3,3,0,0
7021536,6,15,6,6,30,24,21,18,9,12,9,12,18,12,9,6,0,0,0
7034927,0,3,3,9,45,36,18,9,6,9,6,3,3,3,0,0,0,0,3
7021545,3,3,12,12,18,18,12,0,6,12,6,9,9,15,3,6,9,3,3
7034869,6,9,15,3,12,39,24,12,24,12,12,6,9,6,3,6,0,0,0
7034870,3,3,6,3,12,33,9,12,15,18,15,6,12,3,3,3,3,0,0
7021552,0,3,9,9,15,24,18,12,12,9,9,12,6,3,3,6,3,3,0
7021544,6,0,6,9,12,24,15,9,9,12,6,6,6,9,6,3,3,3,0
7034858,0,3,3,3,24,15,15,12,12,12,6,12,9,3,3,0,3,3,3
7021367,3,6,0,3,15,33,15,12,18,3,9,6,6,6,9,9,3,0,0
7034872,0,0,0,12,48,24,15,12,6,6,6,3,6,3,3,3,3,0,0
7034874,3,0,3,12,18,24,12,12,9,6,6,6,3,3,3,3,0,0,0
7034819,0,0,0,12,24,18,0,6,3,0,3,3,6,6,6,3,0,0,3
7021379,0,0,0,99,105,24,15,9,0,3,9,6,6,3,0,0,3,0,0
7034879,6,0,6,3,9,3,6,12,12,6,12,12,15,18,12,9,6,0,0
7021381,6,0,0,3,30,33,33,27,9,3,12,9,12,3,3,0,0,0,0
7034883,0,3,3,0,0,0,0,0,0,3,6,3,9,12,18,3,9,3,0
7034882,0,3,0,120,18,18,15,12,9,6,15,6,6,0,3,3,0,0,0
7021403,0,3,3,42,30,21,12,0,3,3,0,6,3,0,3,0,3,0,0
7021408,0,0,9,12,51,21,15,9,6,3,3,3,0,0,0,3,0,0,0
7021574,3,0,0,15,39,24,21,9,6,9,6,3,6,3,0,0,0,0,0
7034842,0,0,6,27,81,42,15,3,0,6,0,0,0,0,3,0,0,0,0
7034843,3,0,0,18,30,30,9,6,6,3,3,3,0,3,0,3,0,0,3
7021583,3,3,0,9,21,42,18,15,12,6,12,9,6,6,3,0,0,0,3
7021584,3,3,0,6,12,33,21,18,3,6,6,6,0,3,3,0,0,0,0
7021627,0,3,0,3,51,63,33,18,9,9,15,9,3,6,0,0,3,0,0
7021596,0,0,0,0,12,24,15,9,9,6,3,3,0,3,0,0,0,0,0
7021634,0,3,0,21,18,12,12,6,3,6,6,6,0,3,0,0,0,0,0
7034928,0,6,0,0,0,12,6,3,6,9,0,6,6,12,9,9,15,9,3
7021741,3,6,3,12,39,21,18,9,9,6,9,9,15,6,6,6,3,3,3
7021738,3,0,3,6,39,33,9,9,9,6,12,6,9,6,12,9,12,0,0
7034933,3,3,6,12,24,18,12,9,12,9,9,6,3,6,3,0,0,0,0
7021746,0,0,3,6,18,18,15,15,6,9,12,15,6,6,6,3,0,0,0
7034932,3,0,0,3,21,9,15,0,6,3,6,6,3,3,0,0,0,0,0
7034900,0,0,0,0,12,6,3,3,3,3,0,3,3,3,3,6,6,0,0
7021609,3,3,3,9,42,39,30,18,12,3,9,9,3,6,3,3,0,0,0
7034935,3,3,6,12,36,33,24,15,9,9,3,9,6,9,0,3,0,0,3
7021755,3,0,3,12,24,27,18,21,9,9,6,12,12,3,6,3,0,3,0
7021757,0,3,6,6,21,24,12,3,9,12,9,6,3,6,6,3,0,0,0
7021759,0,3,9,6,15,6,15,3,3,12,6,6,9,6,3,3,0,3,0
7034934,3,0,0,9,36,51,21,6,6,3,9,9,12,3,6,3,0,3,0
7021617,3,3,3,6,21,24,24,15,9,9,6,3,3,0,0,0,0,0,0
7021619,0,6,3,9,21,24,12,9,3,3,3,6,3,0,0,3,0,0,0
7021761,3,6,6,21,12,36,21,6,9,12,9,9,15,6,6,6,3,0,3
7021615,6,6,0,12,48,24,21,9,3,9,6,6,6,3,6,3,0,0,0
7021454,6,0,3,12,51,18,18,9,9,6,6,6,3,6,6,3,3,3,0
7021453,3,0,3,18,36,21,15,6,3,9,9,6,3,3,0,0,0,0,0
7034912,,,,,,,,,,,,,,,,,,,
7021637,3,0,3,9,36,36,18,9,9,6,3,3,3,3,6,0,0,3,0
7021651,6,3,3,18,45,12,18,9,9,6,6,9,3,6,0,0,3,0,0
7021638,3,6,9,36,48,27,18,15,12,12,9,3,6,9,0,3,3,0,0
7021657,6,0,0,6,9,30,27,12,6,6,9,12,6,3,3,3,0,0,0
7021778,9,6,6,6,18,24,12,15,12,9,12,12,6,12,9,6,0,0,0
7021271,3,9,9,12,27,18,9,9,15,12,12,15,15,9,3,0,0,0,0
7034796,6,12,12,9,6,6,6,18,9,6,18,27,21,12,6,6,0,0,0
7021276,3,3,12,18,21,9,6,9,6,21,6,6,3,6,6,3,3,3,0
7021279,3,6,0,6,42,36,18,3,6,6,9,6,0,3,3,0,0,0,0
7021277,3,3,3,6,27,27,9,3,9,6,3,3,6,9,3,3,0,0,0
7021269,3,12,9,6,6,3,6,12,9,12,9,3,3,9,3,3,0,3,0
7021372,3,3,9,6,3,6,6,3,6,9,9,9,6,6,6,3,3,3,3
7034820,,,,,,,,,,,,,,,,,,,
7021377,3,0,6,9,27,9,15,6,3,6,15,3,6,6,3,3,3,0,0
7021386,3,6,12,9,12,6,6,6,0,12,18,6,3,0,6,6,0,0,0
7021389,0,6,18,24,48,24,6,9,9,12,12,15,3,12,6,6,3,3,3
7034825,3,0,6,3,18,15,6,3,3,3,0,3,6,3,6,0,3,0,0
7021399,3,0,0,24,33,12,18,9,3,3,6,3,0,0,0,3,0,0,0
7021398,0,0,3,21,54,21,12,3,3,3,3,12,6,6,9,6,0,0,0
7021296,3,6,6,27,39,21,12,12,15,6,3,3,6,6,3,0,0,0,0
7034831,3,0,0,45,87,12,12,6,3,3,3,3,3,3,3,0,0,0,0
7021414,3,3,0,9,54,24,12,6,6,0,3,0,3,0,0,0,0,0,0
7034832,0,6,0,30,57,18,6,6,6,0,6,0,3,3,0,3,0,0,0
7021418,3,3,6,6,45,27,21,9,3,9,9,12,3,9,9,3,3,0,0
7021416,3,0,0,12,54,18,24,9,3,0,9,6,3,3,3,3,0,0,0
7034833,6,6,9,12,42,30,9,18,12,9,6,9,3,6,3,0,0,0,0
7021422,3,3,3,12,30,42,27,18,12,12,18,9,18,12,12,12,3,3,0
7021466,9,6,12,12,9,15,6,12,15,3,15,12,6,12,9,3,0,3,3
7034852,15,24,15,15,21,12,6,21,18,18,15,27,12,15,6,12,0,3,0
7034849,3,0,0,9,27,18,12,9,0,3,0,3,3,3,3,0,0,0,0
7021303,3,9,9,6,9,12,15,6,12,12,18,9,15,6,6,0,3,0,0
7021310,6,6,9,12,24,6,3,6,9,6,12,18,15,6,3,0,3,3,3
7021302,3,6,9,15,9,15,6,6,9,18,12,9,9,3,3,3,0,0,0
7021304,3,6,6,6,15,18,6,6,3,3,9,6,12,6,3,6,3,3,0
7021307,3,3,6,9,6,9,15,9,6,9,0,6,6,3,3,0,3,0,0
7021315,0,3,3,6,12,9,6,6,3,6,9,9,9,9,3,3,0,0,3
7021316,6,15,12,12,30,18,15,15,18,18,12,6,9,12,6,6,0,0,0
7021485,3,3,3,6,9,9,9,12,9,3,3,3,3,3,3,3,0,0,3
7021468,9,3,3,9,21,21,24,21,6,9,9,6,6,0,3,3,0,0,0
7021469,6,3,9,6,9,6,9,15,3,6,6,9,3,6,3,0,0,3,0
7021475,3,3,6,12,15,9,9,6,9,6,12,9,12,9,0,3,0,3,0
7021476,6,6,3,3,18,24,6,9,9,9,9,6,15,6,0,0,0,0,0
7034918,3,9,3,15,45,27,21,18,12,3,6,9,6,3,3,3,0,0,3
7034919,6,3,6,12,42,30,36,15,15,9,12,15,9,3,3,6,0,0,0
7021682,6,3,6,9,33,24,18,9,12,6,3,3,6,3,0,0,0,0,0
7021683,6,3,3,6,63,36,18,9,6,6,6,3,3,3,0,3,0,0,0
7021993,6,15,6,9,18,33,27,15,6,24,15,15,9,6,3,0,3,0,0
7021664,3,9,0,12,42,12,9,9,6,6,3,6,3,6,3,0,0,0,0
7021668,3,3,3,12,18,9,18,12,3,6,3,6,0,3,3,0,0,0,0
7021779,6,3,6,9,18,18,15,9,6,9,12,9,0,12,12,12,9,12,9
7021967,6,6,0,15,30,42,33,18,12,6,9,3,3,3,3,0,0,0,0
7021976,9,0,0,3,21,24,15,9,9,6,6,6,9,3,6,0,0,0,0
7021968,9,3,6,9,45,30,12,12,6,9,9,3,6,9,6,3,0,0,0
7022045,6,3,6,3,15,15,15,15,3,3,9,3,6,3,3,3,0,0,0
7021977,15,15,18,9,15,36,21,21,15,12,9,15,6,6,3,0,0,0,0
7021978,6,6,6,3,3,9,0,9,3,3,6,9,3,6,0,6,0,0,3
7034953,6,3,3,6,3,9,9,9,9,12,6,9,9,0,9,6,0,3,0
7034952,6,6,3,3,3,3,6,9,6,6,3,6,12,9,3,3,0,0,0
7021985,3,3,0,0,6,9,9,6,3,3,3,6,0,0,0,0,0,0,0
7021987,6,15,6,3,15,15,15,15,15,6,9,12,6,6,3,0,0,3,0
7021992,15,18,9,9,9,18,18,18,9,15,12,9,9,9,6,3,3,3,0
7021933,9,15,18,9,15,21,18,18,12,12,9,12,15,9,6,6,0,3,0
7021934,9,12,6,6,12,30,36,18,12,12,9,9,9,3,3,3,3,0,0
7022050,9,9,0,18,9,6,12,6,9,12,6,9,3,6,3,3,3,3,0
7022061,3,12,6,3,9,24,6,6,9,12,6,12,15,9,6,0,3,3,0
7022091,9,12,12,15,12,12,15,18,15,9,12,9,6,6,3,9,0,3,3
7022092,3,3,3,0,12,15,6,6,6,6,3,3,3,6,3,0,3,0,0
7022097,12,9,6,21,6,9,15,15,15,18,12,12,9,6,9,3,3,0,0
7022098,3,6,3,6,9,9,12,12,3,3,12,3,6,3,6,0,3,0,0
7022087,6,6,6,3,9,3,21,12,12,9,6,6,9,9,6,0,0,0,0
7022048,6,6,9,6,12,18,6,9,12,15,9,12,9,6,6,6,0,3,0
7022083,6,6,9,18,24,42,15,15,18,12,12,12,9,6,0,9,9,3,6
7022032,3,6,3,6,30,27,9,12,6,9,12,3,9,6,3,6,3,0,0
7022038,6,3,0,6,6,6,9,9,3,6,6,3,6,6,0,3,3,3,0
7022037,0,0,0,0,0,0,0,0,0,0,0,0,0,3,6,21,48,63,57
7022039,6,6,9,0,18,21,15,9,18,9,6,0,6,0,6,3,0,0,0
7022029,3,3,3,3,24,15,12,12,12,15,18,21,18,18,6,9,0,3,0
7022036,6,3,6,6,21,24,36,12,15,9,12,12,9,3,6,6,0,0,0
7021777,6,6,6,9,18,12,18,18,3,3,15,3,3,6,3,0,3,0,0
7021784,3,6,9,9,21,27,9,6,12,12,6,9,6,9,3,3,0,0,0
7021839,3,9,9,12,24,24,12,6,9,12,9,15,12,12,6,3,6,0,0
7021840,6,3,12,9,18,24,9,15,6,9,9,12,9,9,6,0,0,0,0
7021825,6,6,9,6,9,12,15,18,9,12,12,6,6,6,0,6,0,3,3
7021828,9,9,9,12,15,18,24,9,9,21,21,18,9,6,6,0,3,0,0
7021764,6,3,6,3,33,18,15,15,6,12,3,3,3,3,0,3,0,0,0
7021765,9,9,9,9,18,6,15,9,9,9,12,12,9,6,0,0,3,0,0
7021767,3,3,0,15,24,33,9,9,3,0,0,3,6,3,3,0,0,0,0
7021821,3,6,6,12,15,24,18,15,15,21,18,9,9,6,9,3,0,0,0
7021822,3,3,3,6,24,36,21,9,9,12,6,12,9,6,3,0,0,0,3
7021814,3,6,3,12,12,18,30,15,9,12,9,12,12,6,6,9,3,0,0
7034942,3,3,3,3,6,3,6,6,3,0,3,0,3,0,0,0,0,0,0
7021903,3,6,6,12,9,12,0,9,0,12,12,24,12,9,9,0,6,12,15
7021945,6,9,9,12,12,21,12,6,12,15,18,18,9,6,3,3,6,0,0
7021953,3,6,12,9,6,9,24,9,9,18,15,18,6,9,9,3,0,0,0
7022018,6,9,18,3,6,15,12,3,15,15,18,21,12,9,9,3,3,0,0
7022025,6,9,3,3,9,3,15,9,18,15,18,18,6,6,9,3,3,3,0
7022016,3,0,9,12,3,6,15,6,9,9,15,12,9,3,0,3,3,3,0
7021960,9,12,18,15,30,27,12,9,15,15,6,12,6,6,3,6,3,0,0
7021962,6,6,18,15,12,15,15,12,6,15,18,21,12,9,9,6,3,3,0
7021963,0,9,12,3,15,15,3,3,9,12,15,3,6,6,6,0,3,6,0
7022013,3,6,9,12,18,21,18,3,9,6,18,6,6,6,9,3,3,3,0
7022011,15,9,9,12,6,9,15,12,15,9,18,21,9,12,3,3,0,3,0
7022012,6,6,15,6,9,12,12,6,9,6,12,6,9,6,0,3,0,0,0
7034960,3,3,6,3,0,3,3,0,6,3,0,6,3,6,3,3,3,3,0
7022023,15,9,6,6,9,6,12,15,12,12,6,9,6,9,3,6,3,0,0
7034961,6,6,6,6,3,9,12,9,6,9,15,9,12,0,6,0,3,0,3
7022020,9,9,9,9,6,18,27,12,12,12,6,12,12,9,6,9,12,3,0
7022021,3,9,18,15,0,3,9,9,6,21,18,9,9,3,6,3,0,0,3
7022077,3,9,9,6,6,24,24,15,12,9,12,6,9,6,3,6,0,3,0
7022078,12,15,15,12,0,15,9,15,12,15,12,18,12,9,9,6,3,3,0
7022054,0,3,6,0,3,9,12,6,3,12,3,6,6,12,6,0,3,0,3
7034809,9,6,3,3,33,27,30,15,9,9,3,3,0,0,0,0,0,0,0
7021916,9,9,9,15,21,12,9,12,18,15,15,21,12,12,3,3,3,0,0
7021924,6,12,6,15,21,21,15,15,18,21,9,3,15,3,0,3,3,3,0
7034945,6,6,9,3,12,6,9,9,6,9,12,9,9,6,12,6,3,0,0
7021919,9,12,6,3,6,12,6,12,9,6,6,9,9,6,3,3,0,3,0
7021922,6,9,9,9,12,9,6,9,12,9,9,6,3,9,3,0,0,0,0
7021481,6,12,3,9,12,15,30,12,15,15,6,9,3,12,3,3,0,0,0
7021484,15,12,18,9,18,9,9,15,12,15,12,9,9,3,6,0,0,0,0
7021477,9,6,12,6,18,18,18,15,9,12,15,9,15,6,6,0,3,0,0
7021479,3,12,9,6,6,21,6,3,15,12,6,6,6,6,6,3,0,0,0
7021911,6,9,6,9,30,33,18,18,15,12,12,18,9,9,6,3,3,0,0
7021862,9,3,3,9,3,6,3,9,6,9,9,9,12,9,9,3,3,3,0
7022107,3,3,0,3,6,9,6,12,6,6,6,3,3,6,3,6,6,3,3
7021849,6,3,6,6,6,9,18,6,6,6,6,3,9,6,3,3,0,0,0
7021846,12,9,12,9,12,18,12,18,9,12,12,18,12,6,12,3,0,0,0
7021851,6,6,6,3,3,9,15,18,9,9,9,6,6,0,6,0,3,0,0
7021850,12,15,9,9,18,21,24,15,21,15,12,9,9,6,6,3,3,3,0
7034975,15,18,9,12,15,18,12,24,18,15,15,9,6,6,6,6,3,0,0
7021856,6,6,6,9,3,6,3,12,6,6,6,6,3,3,3,3,0,3,0
7021863,6,9,12,6,12,6,15,9,15,12,3,6,9,9,9,6,3,0,3
7021875,12,15,6,6,12,12,18,6,9,9,6,3,9,3,6,0,0,0,0
7021884,6,12,12,3,3,12,3,9,15,15,9,9,3,0,0,3,3,0,0
7021879,6,12,9,9,15,6,3,6,9,18,3,3,6,3,3,3,0,0,0
7021886,6,21,12,12,12,12,12,9,18,9,15,12,3,6,3,6,3,3,0
7021881,0,6,6,3,9,9,9,6,15,9,3,9,3,6,6,3,3,3,3
7021890,12,12,15,3,9,9,18,9,27,18,15,6,12,12,6,9,3,0,0
7021891,6,12,12,9,12,9,6,9,9,9,12,21,15,6,3,3,0,0,0
7021889,6,6,6,3,3,6,6,12,9,15,12,12,12,12,6,9,3,0,0
7021888,6,12,18,3,9,3,6,6,18,18,18,9,6,12,3,3,0,3,0
7021858,6,12,15,12,12,9,9,9,21,9,12,18,6,3,6,6,3,0,3
7021859,3,9,9,6,12,12,9,12,12,12,15,6,9,3,6,3,0,0,3
7021874,9,6,6,9,6,3,3,9,9,12,12,6,12,9,6,3,3,3,3
7021892,9,21,9,15,12,6,6,12,12,18,18,18,6,9,3,3,0,0,0
7022103,6,9,9,6,6,9,9,15,15,9,12,6,9,9,3,0,3,3,0
7022156,12,9,15,9,15,12,12,12,15,12,6,15,6,6,6,3,6,3,0
7022106,0,12,12,9,9,9,18,9,12,18,15,12,12,3,3,3,3,0,0
7022108,6,3,9,6,9,3,6,15,3,3,12,9,3,9,6,3,6,3,3
7022125,6,9,9,3,9,9,6,9,12,12,6,9,6,3,0,3,3,3,0
7022085,3,0,3,9,9,9,3,3,6,3,3,3,3,3,3,3,3,0,0
7022134,3,3,9,3,6,6,6,6,12,3,9,9,9,3,3,3,6,3,3
7022127,6,9,6,6,6,12,6,6,6,6,12,9,9,6,6,0,3,0,0
7022116,6,6,6,6,9,12,21,9,15,6,3,6,9,12,3,6,3,0,3
7022117,6,6,9,15,9,9,9,9,9,6,18,6,6,3,3,3,0,3,0
7022122,12,9,12,9,12,15,21,9,9,21,12,15,9,12,9,9,6,3,0
7022120,6,12,9,12,12,6,9,12,9,15,9,3,3,6,3,3,0,6,3
7022121,3,6,15,9,15,21,15,9,3,12,12,12,9,12,6,3,6,3,0
7021860,6,12,6,12,15,12,15,12,15,9,12,15,12,9,9,3,0,0,3
7022130,3,6,6,9,18,24,15,12,12,12,12,12,15,6,3,0,3,0,3
7021867,0,3,9,6,0,3,3,6,6,6,9,15,15,12,6,6,0,3,0
7021868,9,12,9,3,3,6,6,9,12,9,12,12,9,6,6,6,0,3,3
7021873,9,6,15,15,6,9,9,6,12,21,18,21,18,12,15,12,9,3,3
7022158,6,9,9,9,0,12,0,6,9,15,6,12,18,6,6,6,6,0,0
7022160,9,12,18,12,3,3,12,9,9,12,18,18,9,6,3,9,3,0,0
7022167,3,3,9,9,3,0,3,0,3,9,3,9,6,3,6,6,6,0,0
7021861,3,3,18,24,12,21,15,12,6,18,18,24,15,12,9,9,9,6,0
7022170,6,12,15,18,6,6,9,9,6,18,18,18,9,9,9,6,6,0,0
7022165,3,3,6,6,12,6,0,0,9,3,12,9,3,3,6,0,3,3,0
7022172,3,3,9,12,9,12,3,6,9,15,9,9,18,12,3,6,3,3,0
7022175,9,12,12,6,6,6,15,18,9,9,15,12,6,6,0,3,3,0,0
7022173,12,6,15,15,12,18,9,18,12,9,27,15,9,3,0,3,0,0,0
7022146,9,9,6,3,6,6,9,9,9,3,6,6,9,6,3,3,3,3,0
7034981,15,18,12,9,6,9,9,9,9,15,9,9,9,0,6,3,0,0,3
7034982,6,6,15,21,9,9,6,9,9,6,6,6,12,6,6,0,0,0,3
7022144,3,3,9,6,12,9,12,6,9,9,6,15,6,9,6,3,3,0,0
7022149,3,3,6,6,6,6,3,6,6,3,6,3,3,6,3,3,0,0,0
7022152,12,9,12,12,12,21,15,15,9,12,21,15,6,9,12,6,3,0,0
7022148,12,6,15,12,6,6,9,12,9,12,12,15,9,6,6,0,3,3,0
7021024,21,18,27,12,15,6,15,18,24,9,9,9,12,12,6,3,3,3,0
7021026,6,0,9,9,6,9,12,3,9,6,6,6,9,3,3,3,3,0,0
7020936,12,9,9,18,12,3,3,9,6,18,15,12,9,12,6,6,6,0,0
7021043,9,12,12,15,3,3,12,18,15,12,9,6,3,9,0,6,0,0,0
7021040,9,12,9,9,15,6,15,9,12,15,9,15,6,9,3,6,6,3,3
7021038,9,9,12,21,6,6,12,9,9,18,9,15,21,9,6,6,3,0,0
7021009,9,9,6,9,12,9,15,24,12,9,12,12,12,6,6,3,0,0,3
7021013,12,12,6,9,6,6,6,9,15,9,9,9,6,6,3,6,6,6,3
7021130,0,6,3,3,9,6,6,3,6,9,3,9,6,6,3,3,0,0,0
7021131,6,6,6,6,3,6,9,9,3,3,12,9,6,3,3,3,0,0,0
7021112,9,12,18,18,21,18,9,9,18,15,12,12,6,3,6,3,0,0,0
7021108,15,6,9,9,3,12,15,12,12,18,9,12,9,12,3,0,6,6,0
7021114,6,3,6,9,3,12,12,12,12,12,18,9,9,6,6,3,3,3,3
7020999,15,18,12,12,9,12,18,27,9,6,12,15,9,12,3,6,3,0,0
7021095,15,12,9,18,15,12,21,18,12,12,9,15,12,0,3,0,0,0,0
7021117,18,9,12,18,15,9,18,15,15,12,18,12,12,6,6,3,0,0,0
7021118,3,12,9,15,6,15,12,9,12,6,12,12,18,12,6,0,3,0,0
7021148,6,9,15,9,6,6,9,12,12,6,9,15,12,9,3,3,6,3,3
7021083,9,12,6,12,18,6,12,18,21,15,9,3,3,6,12,0,3,0,0
7021082,9,9,6,6,6,12,24,12,12,6,9,3,3,3,6,3,0,0,0
7034764,6,9,3,0,6,6,9,9,3,3,3,6,3,3,3,3,3,0,0
7020982,12,9,9,9,9,12,18,18,12,15,12,12,12,3,3,6,0,0,0
7020986,6,6,9,9,6,15,12,12,12,9,9,6,12,0,3,0,3,0,0
7021087,9,9,6,12,9,6,9,9,12,9,6,3,0,3,0,6,0,3,0
7021089,3,6,12,6,6,15,9,6,21,6,9,6,6,9,9,3,0,0,0
7021091,12,12,6,9,21,18,15,21,18,9,6,9,9,9,3,0,3,0,0
7021093,3,6,18,15,15,9,6,9,9,15,18,9,3,6,12,6,0,0,0
7020964,12,9,9,9,12,12,15,18,12,6,12,12,12,12,6,0,0,0,0
7021075,12,18,12,15,21,6,6,15,15,9,6,9,9,6,6,3,3,0,3
7021078,12,6,3,6,6,15,18,6,6,3,6,9,3,3,3,0,0,0,0
7034780,6,6,6,0,0,9,12,15,3,6,6,6,3,6,3,3,0,0,0
7021146,,,,,,,,,,,,,,,,,,,
7021079,6,6,6,9,9,9,12,9,12,6,9,9,3,0,0,0,0,0,0
7020957,9,9,6,3,3,9,18,12,9,6,6,9,3,0,0,3,0,0,0
7020884,15,12,6,15,9,27,24,24,12,9,12,9,12,6,6,3,0,3,0
7034757,6,6,6,6,0,9,3,6,9,6,6,3,6,3,3,3,0,0,0
7020969,9,9,6,9,15,9,18,18,15,18,9,9,9,9,12,9,6,3,3
7020891,6,12,6,6,12,3,12,18,3,9,6,6,3,6,6,6,3,0,0
7020903,6,12,18,15,18,12,15,12,21,12,12,15,12,3,6,6,3,3,0
7020902,6,6,18,21,12,12,18,9,15,12,27,9,6,6,9,6,3,3,0
7020909,9,9,9,12,18,24,21,21,21,18,3,12,9,12,3,6,6,3,0
7034746,12,15,9,6,12,21,15,24,6,12,18,6,3,6,3,6,3,3,0
7020921,15,12,15,12,15,12,12,24,12,18,15,6,9,9,6,6,3,0,0
7020926,9,6,6,6,6,9,12,18,15,15,9,6,12,9,3,6,0,0,0
7020850,9,21,21,15,24,12,9,27,18,12,18,15,6,3,0,3,0,0,0
7020905,6,6,9,15,6,12,12,12,12,6,12,3,9,6,9,3,3,0,0
7020904,9,3,6,6,12,9,9,9,6,9,6,6,6,3,3,6,0,0,3
7020847,3,15,18,9,9,9,12,15,9,12,21,15,18,15,12,6,3,0,0
7034768,3,15,9,6,12,15,21,15,9,18,21,18,9,6,3,6,0,0,0
7021054,21,18,12,9,6,15,27,24,18,12,15,15,15,12,3,3,3,0,0
7021053,9,18,18,15,9,9,12,21,12,9,15,15,6,12,6,3,0,0,3
7021065,6,9,12,12,15,15,6,9,15,21,18,9,3,3,6,3,0,0,0
7021142,3,3,9,9,9,18,9,12,9,9,12,15,12,9,9,6,3,0,0
7020942,12,15,3,3,9,12,24,18,3,6,6,21,6,6,15,12,6,15,12
7020870,18,15,9,15,6,12,21,21,30,15,15,12,18,6,9,3,0,0,0
7020866,3,12,6,9,3,3,0,9,9,12,12,12,12,6,6,6,3,3,0
7034741,9,12,12,12,12,12,9,15,15,15,9,0,3,6,6,3,6,0,0
7020877,9,3,12,9,12,6,15,12,18,18,12,9,9,9,12,6,0,0,3
7021701,12,9,6,3,6,6,6,9,9,9,9,6,6,6,3,6,3,0,0
7021702,0,6,18,15,9,3,0,6,9,12,12,18,15,6,3,6,6,3,3
7021695,15,6,9,3,15,24,18,15,15,12,9,12,3,9,6,3,0,0,3
7021492,6,9,12,18,12,9,9,3,12,15,24,21,15,6,9,6,9,0,0
7021799,3,6,12,12,6,12,6,0,6,6,12,15,18,6,6,3,3,0,0
7021444,3,0,0,9,42,21,12,15,9,12,9,0,6,6,6,0,0,0,0
7021620,9,6,6,9,39,54,45,30,6,9,12,9,15,9,6,0,0,3,0
7034937,3,3,9,9,3,6,3,6,9,0,9,15,6,6,0,3,3,0,0
7021801,6,15,12,21,21,18,12,15,15,18,18,21,12,12,3,3,3,0,0
7021712,6,6,9,12,6,6,0,6,6,9,12,15,3,9,9,3,3,0,3
7034936,3,9,9,3,6,6,6,12,9,12,6,3,0,3,6,3,0,0,0
7021709,6,9,9,12,12,12,15,12,12,12,18,9,6,9,6,6,3,0,0
7021724,9,6,12,12,9,6,9,12,9,12,18,9,6,3,6,6,0,0,3
7021502,3,15,9,6,0,3,6,15,15,3,9,9,12,6,0,6,3,0,0
7021504,15,9,9,6,6,3,12,12,9,15,9,6,6,3,3,3,0,3,0
7021501,0,0,3,3,3,3,0,3,3,3,6,3,9,3,3,0,0,3,0
7021509,3,6,18,21,30,12,6,3,12,18,21,18,12,9,3,6,0,0,0
7021514,9,15,9,12,9,21,12,9,18,15,21,9,15,3,6,6,6,0,3
7034854,3,6,6,9,3,6,9,3,9,3,9,9,6,0,0,0,0,0,0
7021531,3,6,18,15,9,6,9,6,9,18,18,12,12,6,3,3,3,3,0
7021525,6,9,15,12,18,12,12,12,9,12,24,12,9,9,6,6,3,0,0
7021529,6,15,18,18,9,24,12,3,9,15,18,21,12,6,3,3,3,0,0
7034815,3,3,3,9,3,3,6,3,0,6,3,3,3,6,3,0,0,0,0
7021346,3,3,9,9,33,18,18,6,12,9,12,12,6,6,3,3,0,0,0
7021257,3,6,9,9,12,9,12,18,3,6,9,12,6,6,6,9,0,0,0
7021264,9,6,9,12,18,9,15,12,15,15,6,15,3,9,6,3,3,3,0
7021266,6,3,3,9,27,15,18,9,6,15,6,3,6,0,0,3,0,0,0
7021254,3,6,9,6,3,6,18,15,0,15,9,6,15,6,3,6,0,3,0
7021347,3,6,9,15,15,24,21,9,9,12,12,12,9,9,9,9,6,0,0
7021353,6,6,6,6,12,15,9,9,6,6,9,21,9,12,12,6,3,3,3
7021341,12,15,15,9,9,12,6,9,12,18,18,15,9,6,9,0,3,3,0
7021344,12,9,12,9,9,18,15,24,12,18,9,9,12,3,6,3,3,3,0
7021252,9,6,6,12,3,6,15,12,9,9,12,12,12,12,9,3,0,0,0
7021262,3,12,15,12,12,9,3,9,9,15,12,15,3,3,6,9,3,0,3
7021209,6,6,9,6,9,6,3,6,6,9,9,9,9,12,6,0,0,3,0
7021219,3,12,12,6,6,6,9,6,15,15,9,9,6,3,6,9,3,3,0
7021217,9,9,12,9,15,0,3,9,9,6,9,9,6,3,6,3,3,0,0
7021212,6,9,9,12,9,6,3,6,9,9,18,15,9,3,3,0,6,3,0
7021222,15,15,15,9,15,6,12,15,15,9,15,21,9,15,6,6,6,0,0
7021192,3,6,3,3,3,3,3,6,3,3,12,3,0,0,0,6,3,0,0
7021177,9,15,12,6,6,6,12,9,9,18,9,3,0,0,0,0,0,0,0
7021164,9,9,3,3,3,6,9,9,18,3,0,3,9,6,3,3,3,0,0
7021285,3,9,9,15,15,9,9,6,6,6,12,6,6,3,6,0,0,0,0
7021295,3,9,9,3,24,15,12,6,6,6,3,6,6,3,0,0,0,0,0
7021227,9,12,0,12,12,3,9,6,6,6,9,12,6,6,0,3,6,0,0
7021231,3,3,3,9,15,9,3,3,0,9,12,6,6,3,9,6,0,0,3
7021284,6,9,6,15,3,3,0,9,12,6,12,9,12,9,6,6,9,3,3
7021241,6,12,12,6,15,6,6,12,18,9,12,6,9,3,6,0,3,0,0
7021239,3,9,12,6,9,3,3,12,3,12,12,15,9,12,9,3,3,0,0
7021244,6,0,6,6,9,6,3,6,6,12,12,9,3,6,6,9,3,3,0
7021245,3,6,9,21,6,6,6,3,6,12,12,15,6,3,3,3,0,0,0
7021196,3,6,12,12,9,0,9,3,6,15,15,9,3,3,6,0,3,0,0
7021198,6,9,6,6,12,12,9,21,6,15,9,9,9,6,0,3,6,3,0
7021199,6,6,12,18,15,6,3,6,15,18,18,18,12,9,9,3,0,0,0
7034868,3,6,3,6,9,12,6,3,3,9,3,6,3,3,0,3,3,0,0
7021553,0,6,3,3,21,24,24,12,15,12,6,6,9,0,3,3,0,0,0
7021366,3,6,3,9,21,12,9,6,9,6,9,9,0,6,3,3,0,0,0
7021364,3,3,9,6,36,24,27,12,12,9,6,6,3,9,6,6,3,0,0
7021363,0,6,6,6,27,27,21,6,12,9,15,12,12,6,6,9,3,0,0
7021365,3,6,3,3,39,36,30,15,15,9,6,6,6,3,3,3,3,0,0
7034873,3,6,3,18,69,51,27,18,18,21,12,12,9,3,0,3,3,0,0
7021562,3,3,3,6,39,33,21,15,15,6,6,6,9,3,0,0,0,3,0
7021384,0,0,0,21,27,15,9,6,9,3,6,0,6,3,0,0,3,0,0
7021385,0,0,0,21,78,27,21,9,6,3,6,6,3,3,3,0,0,0,3
7034822,0,0,0,30,36,27,15,9,0,6,6,3,0,3,3,0,0,0,0
7021402,0,0,0,15,57,27,3,3,6,3,0,3,6,6,0,0,3,0,0
7021573,0,0,0,3,18,18,21,12,12,12,15,9,9,3,3,3,0,3,0
7034830,3,0,0,6,21,18,6,6,3,3,3,3,6,0,3,3,3,0,0
7021406,0,3,0,6,57,33,9,9,3,3,3,3,0,3,0,0,0,0,0
7021405,3,3,0,3,3,6,6,6,6,15,15,18,15,6,9,6,0,0,0
7021048,15,18,18,12,15,12,15,12,27,18,15,12,9,12,6,6,3,0,0
7021132,3,15,15,12,6,3,9,6,18,9,15,9,6,0,3,0,0,0,0
7021426,3,6,9,30,51,30,18,12,12,12,15,9,6,6,3,0,0,0,0
7034838,0,0,0,153,18,0,0,0,0,0,0,0,0,0,0,0,0,0,0
7021425,3,3,0,12,57,33,6,9,12,6,3,0,3,3,0,0,0,3,3
7021430,0,0,3,9,51,27,6,6,0,0,9,3,3,0,0,3,0,0,0
7021433,3,3,3,12,18,24,15,12,6,3,3,3,3,3,0,0,0,0,0
7021407,0,0,0,120,33,6,3,0,0,0,0,0,0,0,0,0,0,0,0
7021409,0,0,0,6,57,33,21,15,6,3,9,6,3,0,3,0,0,0,0
7034841,0,0,0,6,21,24,15,6,6,0,6,0,0,0,0,0,0,0,0
7034902,0,0,0,3,21,57,45,15,9,6,6,6,0,3,0,0,0,0,0
7021633,3,6,3,6,30,33,36,21,12,9,12,6,0,0,3,3,0,0,0
7021842,3,3,6,12,42,51,24,15,6,12,12,9,12,9,9,6,0,0,0
7021826,3,0,0,3,3,3,3,3,3,3,3,9,6,12,12,12,3,6,0
7021739,6,3,3,6,6,24,18,12,18,6,9,15,15,18,15,15,15,3,0
7034929,0,0,3,3,12,12,9,6,3,6,3,6,15,6,9,15,9,3,3
7021740,3,3,3,9,12,12,12,9,3,3,12,12,12,12,6,6,3,3,0
7021744,6,0,3,12,15,18,12,15,3,9,9,6,6,9,3,3,0,0,0
7021748,3,3,3,3,18,24,9,3,6,3,9,3,3,3,3,0,0,0,0
7034901,3,3,3,6,45,24,33,12,12,9,6,3,6,0,3,0,3,0,0
7021752,3,0,0,0,21,15,15,9,3,0,6,3,6,12,6,3,3,3,3
7021750,0,0,3,3,12,18,15,12,3,6,6,3,6,9,3,3,3,0,0
7021751,3,3,0,12,9,12,18,6,9,6,3,9,12,6,3,3,3,0,0
7021754,6,3,0,15,24,24,27,21,9,6,6,6,6,3,3,3,0,0,0
7034907,3,6,3,3,24,30,21,15,12,6,3,3,3,0,0,3,0,0,0
7021618,3,0,0,15,36,18,15,6,6,3,3,6,3,0,0,6,0,3,3
7021760,6,0,3,3,21,33,24,9,6,6,9,9,9,6,9,3,3,0,0
7021612,0,3,3,3,21,18,15,6,6,6,3,3,0,6,3,0,0,0,0
7021455,6,3,6,0,33,21,21,15,12,6,6,3,9,6,9,0,0,3,0
7021459,3,3,3,6,30,12,9,3,6,6,6,3,6,6,0,6,3,0,0
7034911,0,0,0,36,63,21,15,12,3,3,3,0,0,0,0,0,0,0,0
7021641,0,0,3,27,63,36,9,9,3,3,0,0,0,0,0,0,0,0,0
7034913,9,9,3,18,30,24,9,12,9,12,6,3,6,3,6,6,3,0,0
7021647,0,3,3,15,42,27,9,3,0,3,6,3,3,0,0,0,0,0,0
7021649,0,0,0,9,39,15,6,3,6,3,3,6,3,0,0,0,0,0,0
7021456,0,0,3,6,6,6,6,0,3,3,6,6,3,0,0,0,0,0,3
7021646,,,,,,,,,,,,,,,,,,,
7034914,0,0,0,30,66,51,39,27,3,6,3,6,3,0,0,0,0,0,0
7021648,3,3,3,12,30,36,33,15,9,9,6,3,6,6,3,3,0,0,0
7021660,6,6,3,6,15,15,27,12,12,9,6,6,9,6,0,0,0,0,0
7021275,6,6,12,12,27,24,6,9,9,9,15,12,15,9,3,3,3,0,0
7021278,3,3,0,6,54,33,18,6,6,3,9,3,3,3,3,0,0,0,0
7021270,3,6,6,18,21,12,3,6,6,0,9,12,3,9,0,3,0,0,3
7021273,6,3,6,9,27,18,18,9,6,9,12,9,3,3,6,3,0,0,0
7021374,3,0,3,9,27,12,9,3,3,0,3,6,3,6,3,3,0,0,0
7021291,0,3,9,9,21,24,18,12,9,6,12,12,21,9,9,9,6,0,0
7021292,6,3,3,12,24,15,12,6,9,3,6,6,3,3,3,6,3,0,0
7021289,3,6,6,15,45,33,15,6,3,3,9,6,3,0,6,3,0,0,0
7021293,3,0,0,15,24,12,6,6,3,3,0,3,0,0,0,0,0,0,0
7021287,6,3,6,27,36,21,15,3,6,6,12,9,6,6,9,0,0,0,0
7021387,0,6,9,6,9,9,3,9,6,6,12,6,9,6,12,9,0,0,0
7021388,6,9,9,12,9,6,0,3,9,12,15,18,9,12,6,3,6,3,0
7034823,0,3,12,21,18,9,0,9,3,6,6,6,9,9,6,3,3,6,0
7021396,3,6,6,6,39,15,3,6,0,6,6,6,3,3,6,3,0,0,0
7034827,0,0,0,174,12,0,0,3,0,0,0,0,0,0,0,0,0,0,0
7021294,3,3,3,15,24,15,15,6,0,3,6,6,9,0,0,3,0,3,0
7021297,3,0,3,24,51,21,9,9,6,9,12,9,6,0,6,3,0,0,0
7034806,6,6,6,27,21,21,18,12,18,12,6,12,9,18,9,3,0,0,0
7021400,0,3,3,0,18,12,15,3,0,0,3,6,3,3,0,0,0,0,0
7021413,0,3,6,21,51,39,15,3,6,3,6,6,6,3,0,0,0,0,0
7021415,3,3,6,15,42,15,9,9,3,9,3,6,12,6,6,3,6,3,3
7021421,3,3,0,15,30,24,9,6,6,6,3,6,9,9,6,0,0,3,0
7021438,0,0,0,12,21,21,24,18,6,6,12,3,6,3,3,0,0,0,0
7021462,3,12,6,3,15,24,9,6,9,9,6,6,3,3,9,3,0,0,0
7021463,3,3,3,18,18,6,6,6,6,6,9,6,6,3,6,3,0,0,0
7021308,3,9,9,24,12,9,9,9,6,9,15,21,9,6,0,0,0,0,0
7021465,3,3,3,18,24,15,15,6,6,9,9,6,9,9,3,3,3,3,0
7021314,3,6,0,0,6,6,15,6,3,3,3,6,3,0,0,3,0,0,0
7021467,9,3,6,12,6,3,6,12,12,15,9,12,12,9,3,6,0,0,0
7021471,0,6,12,9,3,18,3,6,6,9,12,9,9,3,3,0,3,0,3
7021472,6,6,9,9,15,24,15,9,3,12,9,6,15,15,3,0,6,0,0
7021673,6,6,3,0,3,6,12,6,12,15,12,9,15,18,9,18,3,3,3
7021486,9,0,6,12,78,21,27,9,6,3,6,12,0,3,3,0,3,3,0
7021676,3,6,3,3,24,12,12,9,3,6,6,3,3,6,0,0,0,0,0
7021487,6,0,3,12,33,15,3,18,6,15,6,6,0,3,3,0,0,0,0
7021684,6,6,6,15,51,48,15,15,9,3,9,3,6,3,3,0,0,0,0
7021691,3,6,3,6,30,33,18,9,6,3,6,6,0,0,3,3,3,0,0
7021663,12,6,3,9,51,54,57,36,9,6,6,6,6,3,0,0,0,0,0
7021662,3,6,9,9,24,12,12,6,9,3,3,9,3,3,0,3,3,0,0
7021970,6,6,3,0,24,27,18,12,15,12,9,9,3,3,6,6,3,0,0
7022044,3,6,12,9,6,6,9,6,12,9,9,6,9,6,3,6,3,3,0
7022042,3,6,6,3,18,24,15,15,6,9,6,6,12,9,6,0,0,3,0
7021969,9,3,9,6,24,30,24,12,12,3,9,6,3,3,3,3,0,3,3
7021984,0,0,0,0,0,0,0,0,0,3,3,0,3,6,21,63,66,60,39
7021994,6,6,3,3,3,6,3,9,3,6,6,6,9,6,3,0,3,0,0
7021932,15,12,6,3,12,12,18,21,24,12,12,15,15,6,9,6,3,0,0
7021935,3,6,3,3,9,24,24,9,6,9,9,6,6,9,0,3,3,0,0
7022055,9,9,9,9,15,18,18,15,12,9,15,15,6,6,6,3,3,0,0
7034974,3,6,6,3,15,15,6,3,6,9,3,6,6,3,6,3,0,0,0
7022059,3,6,9,3,3,3,12,9,18,6,12,12,6,6,3,3,6,0,0
7022064,6,9,9,9,15,12,3,3,12,12,12,12,9,6,0,6,3,0,0
7022094,6,6,6,9,9,6,6,3,12,6,9,6,9,0,0,0,3,0,0
7020928,9,6,6,6,3,6,9,9,9,6,15,6,15,6,6,0,3,0,0
7020997,15,6,12,15,21,12,21,12,15,9,15,15,15,12,6,0,3,0,0
7022034,6,12,6,6,9,15,9,9,18,6,12,9,12,6,6,6,6,3,3
7022030,6,6,9,12,24,30,21,18,12,15,9,3,18,9,3,6,3,0,3
7021786,6,3,6,12,27,24,18,6,6,6,12,12,12,9,3,6,3,0,0
7021785,3,6,6,3,9,12,6,3,15,6,9,9,6,6,12,9,3,0,0
7021788,6,3,15,12,21,24,21,18,9,15,18,15,9,6,6,6,3,0,0
7021772,6,9,9,9,42,36,12,18,15,9,18,3,9,0,3,3,0,0,0
7021769,3,6,15,12,36,42,15,9,9,15,18,9,3,0,0,3,0,0,0
7021770,6,6,6,9,21,12,12,6,9,3,9,18,6,9,3,6,3,0,0
7021774,3,6,12,3,9,24,12,6,15,12,9,9,12,3,3,6,3,0,3
7021837,3,3,6,6,9,12,9,3,9,3,9,9,9,12,6,3,9,3,0
7021838,3,9,18,18,12,3,3,3,6,21,21,18,12,15,9,0,0,3,0
7021841,3,6,12,6,9,9,6,9,3,9,6,6,6,3,9,0,3,0,0
7021831,0,0,3,6,12,27,15,3,9,6,12,9,9,6,6,0,0,3,3
7021832,3,3,12,3,30,24,15,9,12,9,9,6,0,0,3,0,0,0,0
7021762,6,6,15,9,18,33,30,9,12,6,18,6,9,6,3,3,0,0,0
7021763,9,9,9,15,30,21,18,12,15,12,15,15,15,3,6,0,0,0,0
7034810,3,6,6,6,3,6,6,9,12,15,6,6,3,3,0,0,0,0,0
7021926,6,6,15,15,18,18,6,6,24,15,21,18,15,12,9,6,3,0,0
7021906,9,9,15,12,3,15,9,9,15,12,18,18,18,9,3,6,0,0,0
7034948,9,9,9,12,9,15,9,9,9,12,9,12,15,3,3,6,3,0,0
7021949,9,9,12,15,6,12,12,9,12,6,21,15,6,9,6,3,0,6,3
7021954,12,3,3,6,9,12,12,9,9,12,6,6,9,6,6,6,3,3,0
7021964,15,6,12,6,12,33,15,24,6,12,9,12,12,9,6,0,3,3,0
7021959,6,3,6,3,6,6,3,15,3,0,3,12,12,9,3,3,0,3,0
7021943,3,6,6,6,15,21,3,6,12,6,9,9,9,3,9,3,3,0,0
7021961,6,6,0,6,6,6,6,6,6,6,12,9,6,0,3,6,6,3,3
7021946,9,12,9,12,12,6,9,12,9,9,12,12,6,6,6,6,0,3,3
7022017,3,6,12,6,6,6,6,3,6,9,6,6,3,6,6,3,3,0,0
7022019,3,3,12,12,9,6,6,3,9,12,18,21,12,6,3,3,3,3,0
7022006,9,9,9,6,3,6,12,15,15,6,12,6,15,9,9,3,3,3,0
7021958,3,3,3,15,9,12,18,9,6,15,9,3,15,6,6,3,3,3,0
7022004,0,6,9,9,12,9,9,6,9,6,6,6,9,0,6,3,0,0,0
7022009,9,9,18,15,12,15,15,15,12,21,15,9,9,6,6,6,3,3,0
7034958,15,9,6,9,9,15,30,30,18,27,15,18,12,9,9,3,6,0,3
7021937,3,15,24,15,21,18,21,3,18,21,12,15,9,6,6,0,0,0,0
7021939,12,18,12,9,12,18,12,21,18,24,6,12,3,9,3,3,0,0,0
7021941,9,18,9,15,21,15,12,18,18,9,15,12,12,6,3,6,3,0,0
7021940,3,6,9,9,3,3,6,9,9,9,9,6,6,3,3,3,0,3,0
7022001,3,9,3,6,0,9,3,6,3,12,6,9,6,3,0,0,0,0,0
7022079,6,6,9,9,9,6,12,9,6,9,6,3,6,3,3,3,0,0,0
7022076,9,9,15,9,12,9,15,18,9,9,15,15,9,3,6,3,0,0,0
7022081,6,6,15,15,15,18,15,18,9,9,9,15,15,9,6,0,3,0,0
7022033,6,9,9,6,15,18,12,15,15,12,12,12,9,9,15,6,3,0,0
7022049,9,9,12,3,12,9,18,18,9,9,9,6,9,3,3,0,3,0,0
7022052,6,6,3,6,15,30,15,6,6,6,6,6,6,3,6,3,0,3,0
7021918,3,3,3,6,6,15,9,9,6,6,3,6,6,3,6,3,0,0,0
7021901,6,3,3,9,6,21,18,12,6,9,12,9,9,3,6,3,0,0,0
7034944,9,6,6,6,9,9,15,12,9,12,0,6,0,0,3,0,0,0,3
7021902,9,12,12,12,12,12,9,12,18,12,15,15,6,0,3,9,3,3,3
7021920,9,15,3,3,18,15,21,21,6,6,12,12,6,6,3,0,0,0,0
7021921,6,12,12,12,21,9,30,18,6,9,15,21,12,6,6,3,3,0,0
7021478,3,9,12,6,39,15,15,12,9,21,15,6,15,6,3,3,0,0,0
7021483,6,3,3,12,15,12,18,3,6,9,15,12,9,3,6,0,3,0,0
7021847,3,3,3,3,15,15,15,6,12,9,6,6,3,6,9,3,3,0,0
7021848,9,6,3,6,3,12,12,12,3,6,6,9,6,12,3,0,0,0,0
7034941,9,12,15,9,21,24,18,12,18,15,18,15,6,9,6,3,3,0,0
7021876,3,9,21,9,3,3,3,12,12,15,3,6,12,6,6,0,0,0,0
7021877,9,6,3,0,6,12,15,6,9,3,12,6,6,9,9,3,9,3,3
7021878,3,6,6,3,3,3,9,6,3,3,3,3,6,3,6,6,3,0,0
7021885,6,3,6,9,3,0,6,9,9,6,9,9,12,0,3,3,0,0,0
7021855,9,12,12,18,12,9,9,15,12,6,12,6,9,3,3,3,0,0,0
7021857,,,,,,,,,,,,,,,,,,,
7021895,12,12,12,9,18,12,15,9,15,15,15,9,9,6,6,3,0,0,0
7021872,9,12,12,12,12,6,3,9,9,12,9,15,12,3,0,3,3,3,0
7021894,6,12,12,12,6,6,6,12,9,15,9,0,6,3,3,3,6,3,0
7022104,6,6,6,6,9,9,9,3,3,9,9,9,9,9,9,6,3,0,0
7021629,0,0,3,0,6,9,12,3,9,9,12,9,9,3,6,3,3,0,0
7022180,3,12,15,12,6,3,3,6,9,12,18,9,15,6,9,3,3,0,0
7022109,3,6,12,3,3,15,12,12,12,12,6,3,9,12,9,6,3,3,3
7022111,6,6,6,3,6,12,12,15,12,6,12,9,12,12,15,9,6,6,3
7022114,6,6,0,0,0,6,3,3,3,3,6,3,6,6,0,3,3,3,0
7022084,6,0,3,9,6,6,12,12,9,3,9,9,15,9,3,3,0,0,3
7022128,12,12,12,9,6,9,18,18,9,12,12,15,15,6,9,9,6,6,3
7022137,6,12,15,9,9,15,18,12,12,9,6,6,6,3,12,6,0,3,0
7021864,6,9,9,12,6,9,3,6,6,18,6,12,12,9,6,0,0,3,0
7022164,0,9,18,15,6,3,9,0,6,12,18,15,6,6,6,6,3,0,3
7022179,6,12,30,18,9,3,6,6,15,21,18,27,18,6,6,6,3,0,0
7022168,3,6,3,6,12,3,6,3,9,6,9,9,9,9,0,6,3,0,0
7034983,3,12,18,21,6,6,9,9,9,15,27,15,24,12,9,3,3,3,0
7022169,6,6,3,9,9,3,12,6,12,6,12,15,9,12,9,3,3,0,3
7021897,6,12,15,12,15,18,15,15,9,18,15,21,9,3,3,3,3,0,0
7021898,6,9,18,18,15,15,15,12,9,21,18,15,12,9,9,3,0,0,3
7022174,6,9,9,3,3,12,6,15,12,18,9,9,9,3,6,6,0,3,0
7022177,12,9,3,6,6,12,12,9,12,12,15,9,6,6,3,3,3,0,0
7022141,6,12,18,9,12,3,3,6,9,3,15,9,6,9,0,3,0,0,0
7022151,6,12,12,15,9,12,6,9,3,9,12,6,6,6,3,0,0,0,0
7022145,9,9,12,15,15,15,18,12,15,18,12,9,15,3,6,3,0,3,0
7022135,6,3,3,3,6,9,15,6,6,6,9,3,3,6,9,3,3,0,0
7022154,9,15,24,21,12,9,12,12,12,6,12,6,6,6,3,3,3,0,0
7022153,12,15,15,9,6,6,15,15,18,21,12,6,9,9,6,3,0,0,0
7020951,15,15,9,6,3,6,12,15,3,9,12,6,3,0,6,3,6,0,0
7021589,6,0,0,3,18,21,18,18,18,3,6,3,3,3,0,0,0,0,0
7021624,0,0,3,6,9,21,33,15,15,12,6,12,12,6,6,6,3,3,0
7021336,3,3,6,6,6,12,6,6,9,0,12,9,6,6,3,6,3,0,0
7021655,3,0,0,36,66,15,24,9,6,6,0,0,3,3,3,3,0,0,0
7034970,6,6,3,9,9,12,21,12,6,12,9,9,6,0,0,0,0,0,0
7034792,12,15,12,6,3,3,9,9,18,18,3,3,6,0,3,0,0,0,0
7034791,27,24,18,12,6,6,18,39,42,27,6,12,6,6,3,3,0,0,0
7021137,15,15,21,15,9,15,18,18,27,12,18,15,12,9,6,6,0,0,0
7021064,12,15,6,9,9,9,12,12,15,12,15,9,0,3,3,0,0,0,0
7021357,6,6,6,9,18,12,9,12,9,12,9,18,15,6,6,6,3,3,0
7034892,0,0,3,6,39,33,21,12,6,3,6,3,3,0,3,3,0,0,0
7034795,9,12,9,6,6,12,9,6,18,15,12,9,6,6,0,3,3,0,0
7020875,6,12,9,12,6,9,12,18,9,15,6,12,9,9,6,3,0,3,0
7021610,6,3,6,9,18,24,30,24,18,15,12,9,3,3,6,3,0,3,0
7021907,9,6,0,3,9,6,12,12,6,6,6,15,18,6,6,0,0,3,3
7020992,9,12,9,15,18,9,9,15,9,9,6,9,9,3,3,0,0,0,0
7021489,12,15,6,9,12,6,9,12,12,15,12,15,12,9,9,9,0,0,0
7021490,15,12,15,12,9,12,9,21,15,15,12,12,12,9,6,3,3,0,0
7020954,15,15,12,6,6,12,21,15,9,6,9,9,3,6,3,0,3,0,0
7021322,12,9,3,3,3,12,15,12,9,6,9,6,3,3,0,0,0,0,0
7021320,9,9,6,12,21,9,9,15,15,18,6,9,6,6,0,9,3,3,0
7021318,3,6,6,9,18,9,6,3,6,3,12,9,12,6,6,6,3,0,0
7021319,6,9,12,15,21,42,42,12,18,6,9,9,3,0,3,0,0,3,0
7021718,6,9,9,9,3,3,6,9,6,9,15,6,6,6,6,6,6,0,0
7021171,6,9,12,6,9,6,12,9,9,6,6,3,6,0,3,3,3,0,0
7021734,3,0,6,6,12,9,6,3,9,9,9,9,12,18,15,9,12,3,0
7021445,3,0,3,9,45,42,18,12,6,6,6,3,3,0,0,0,0,0,0
7021061,6,6,3,15,9,6,15,9,12,9,9,12,9,6,3,3,0,3,0
7034775,6,12,6,12,9,15,15,15,18,6,9,6,9,3,6,0,3,0,3
7020949,12,9,3,3,9,18,6,12,9,3,6,6,6,3,6,3,3,0,0
7021049,12,6,9,9,6,9,15,9,12,6,9,9,9,3,3,0,3,0,0
7034743,15,9,6,9,12,24,27,15,6,9,6,9,9,0,3,0,0,3,0
7020886,0,3,12,12,12,12,15,9,6,9,6,9,3,3,3,6,3,0,0
7020843,3,6,9,12,9,6,3,6,9,9,9,9,12,3,3,0,0,0,0
7020883,9,9,6,6,9,12,12,12,15,6,6,3,3,3,3,3,3,0,0
7021928,3,3,12,9,6,18,18,9,9,12,15,18,9,6,6,0,0,3,0
7021692,3,0,3,9,12,6,9,3,3,9,9,3,12,6,0,3,0,3,3
7034977,0,3,3,3,0,6,3,3,3,6,6,6,6,6,9,9,6,3,3
7021913,6,9,3,0,24,21,24,21,12,6,12,6,6,6,6,3,0,0,0
7021311,3,3,6,9,3,6,15,3,6,6,15,18,0,6,3,6,6,3,0
7021263,9,15,12,18,15,12,18,24,18,21,12,9,9,12,3,6,0,0,0
7022026,6,3,9,12,24,24,27,12,12,6,12,3,3,3,3,3,0,0,0
7034866,3,3,0,6,12,18,21,15,9,6,6,12,9,6,3,6,6,0,0
7021382,0,3,3,6,27,18,9,9,9,0,9,3,12,6,6,12,3,6,3
7021915,18,15,9,15,9,18,15,21,21,24,15,12,12,3,6,3,0,0,0
7034773,6,9,15,6,6,3,9,12,12,6,15,9,6,6,0,3,0,0,0
7020980,6,6,6,6,15,12,9,9,6,0,3,6,3,3,3,3,0,0,0
7022176,3,3,6,9,9,9,3,12,6,9,9,15,6,12,6,3,3,0,3
7021499,12,9,15,12,12,12,12,12,9,15,18,12,9,12,9,0,6,0,3
7021783,6,3,6,9,27,18,15,9,12,9,12,9,12,6,3,0,9,3,3
7022123,9,12,9,6,15,9,18,12,9,15,9,18,18,6,6,6,6,3,3
7034834,0,3,3,24,36,30,18,18,15,6,6,9,12,6,9,0,3,0,0
7034837,3,0,0,12,30,24,15,21,6,3,3,6,0,6,3,3,0,0,0
7034760,27,21,12,6,15,27,24,30,30,12,3,6,3,6,0,3,0,0,0
7034770,18,12,15,12,3,6,12,21,27,18,9,0,3,0,0,0,0,3,0
7034771,18,21,15,9,6,3,6,21,21,15,9,6,6,6,3,0,0,0,0
7034769,,,,,,,,,,,,,,,,,,,
7034798,3,9,15,9,3,6,6,0,12,18,6,6,9,0,9,3,3,0,3
7034871,3,0,3,0,12,24,18,18,6,3,6,6,3,3,3,0,0,0,0
7034888,6,3,3,9,72,48,27,9,9,9,6,6,3,0,0,0,0,0,0
7021595,0,3,3,3,39,39,27,30,6,12,6,9,12,3,3,3,0,0,0
7034909,0,0,0,33,42,15,0,3,0,3,3,0,3,0,0,0,0,0,0
7034910,0,0,0,96,48,3,0,0,0,0,0,0,0,0,0,0,0,0,0
7034922,0,0,3,6,9,9,15,12,6,6,3,3,3,0,0,0,0,0,0
7034921,9,6,6,3,24,21,15,9,9,12,3,6,6,3,6,9,9,3,6
7034808,6,9,15,9,27,12,18,6,12,15,6,12,3,6,3,3,3,0,0
7034807,12,9,3,12,12,9,18,18,9,6,6,9,12,9,9,0,3,0,0
7034739,15,21,24,15,12,9,6,18,39,15,15,6,6,6,3,0,0,3,0
7034735,21,36,39,12,12,12,12,36,42,27,21,15,6,6,3,3,3,3,0
7034737,30,27,24,15,24,30,27,45,30,21,12,6,3,6,3,3,3,0,0
7034738,9,9,21,3,9,3,3,9,9,12,12,6,6,3,0,0,0,0,0
7034788,6,9,9,6,9,9,6,15,15,6,9,3,3,3,0,0,0,0,0
7021590,0,0,3,3,39,30,15,9,3,6,15,12,9,6,6,6,3,0,0
7034943,9,21,18,9,18,18,18,24,21,15,6,3,6,6,6,3,0,0,0
7021368,0,0,3,9,27,36,33,24,12,15,18,6,9,6,6,3,0,0,0
7021575,0,0,3,12,21,24,12,6,6,3,9,0,3,3,6,3,3,0,0
7034885,3,0,3,21,30,9,6,3,3,0,3,0,3,0,0,0,0,0,0
7034903,0,0,0,6,24,24,36,18,9,3,3,3,3,3,0,0,0,0,0
7034967,3,3,3,6,6,6,6,6,6,12,12,12,9,6,6,6,3,0,0
7034853,15,15,9,15,33,33,33,18,18,15,21,21,9,9,3,3,0,3,0
7034730,18,18,21,12,18,6,15,27,30,21,12,9,0,3,0,0,0,0,0
7034751,9,9,9,3,21,39,30,30,15,12,6,3,3,3,3,0,0,0,0
7034828,0,0,0,27,12,3,0,6,0,0,3,0,0,0,0,0,0,0,0
7034767,0,3,3,0,6,0,3,3,3,3,6,6,0,3,0,0,0,0,0
7034754,6,9,9,3,9,12,12,6,6,9,9,3,9,6,0,0,0,0,0
7021603,3,0,0,3,21,9,12,6,6,3,0,6,6,3,0,0,0,0,0
7034940,,,,,9,9,,,,,,,,,,,,,
7034939,0,3,3,3,21,18,12,15,6,3,3,6,6,3,0,0,0,0,0
7034938,,,,,,,,,,,,,,,,,,,
7021039,6,6,9,6,3,3,6,3,6,6,6,9,3,6,3,0,0,0,0
7021041,6,3,18,12,18,9,9,12,9,15,9,15,15,3,9,9,6,3,0
7021033,6,6,6,3,9,3,12,15,9,0,9,6,6,0,3,0,3,3,0
7021030,6,3,0,3,3,9,9,3,3,3,6,6,6,3,0,3,3,0,0
7021012,15,9,12,9,18,18,21,18,12,9,12,15,12,12,9,3,3,6,3
7021020,6,12,6,9,9,18,9,18,6,12,12,6,12,6,9,0,3,3,3
7021017,9,6,12,15,18,12,21,21,9,12,18,9,9,9,0,0,3,3,0
7021021,12,6,9,12,18,21,9,12,12,9,6,12,15,15,9,6,0,3,0
7034786,9,12,6,6,6,9,21,18,12,6,3,0,3,6,0,0,0,0,0
7034785,3,9,12,15,6,9,9,3,9,9,9,9,6,6,6,0,3,0,3
7021113,12,12,12,12,12,12,18,15,9,12,18,3,9,12,3,6,0,0,0
7021110,6,3,3,6,3,9,9,3,3,3,9,3,3,3,3,0,0,6,3
7021001,12,9,15,9,6,6,9,12,15,12,3,9,9,6,6,9,0,3,0
7021100,15,15,12,15,12,6,18,15,12,9,9,3,3,9,6,0,0,0,0
7021096,15,18,9,12,12,15,12,15,6,12,15,18,6,0,6,0,0,3,0
7021099,18,21,12,9,12,18,12,9,9,6,9,6,6,3,0,3,0,0,0
7021044,9,6,9,3,12,39,33,27,9,9,3,3,6,3,6,0,0,0,0
7021056,12,6,9,6,15,15,15,15,9,3,12,9,12,6,3,0,0,0,0
7021058,9,9,9,15,12,18,9,15,24,9,12,12,6,6,6,6,3,0,0
7021086,0,12,15,9,9,9,9,9,15,9,9,6,6,12,3,3,3,3,0
7021140,12,6,3,6,3,3,15,6,9,6,6,9,6,3,3,3,0,3,0
7034779,3,6,6,3,3,9,3,6,6,3,6,3,3,0,0,0,0,0,0
7021072,12,6,6,6,3,6,9,9,6,9,6,9,6,0,3,3,0,0,3
7034758,9,12,9,6,6,15,24,24,9,6,12,12,12,9,3,3,6,3,0
7020991,9,3,12,9,12,15,15,12,6,6,18,9,9,3,6,3,0,0,0
7020993,6,3,9,9,12,15,15,12,12,6,12,3,9,3,3,0,3,0,0
7020988,6,0,3,6,12,18,18,18,6,3,9,9,9,6,6,6,6,3,6
7020960,6,3,6,9,6,6,9,12,9,9,9,6,12,6,3,0,3,0,0
7020892,0,3,12,6,3,6,0,9,3,6,9,9,6,3,3,3,3,3,0
7020900,9,9,9,6,15,6,12,15,9,12,9,6,12,15,3,6,0,3,0
7020895,6,18,12,9,18,15,12,15,18,9,15,9,15,3,6,3,0,0,0
7020897,9,18,18,9,12,18,18,21,18,15,9,9,9,3,3,6,0,3,0
7020913,0,0,3,6,6,9,6,6,9,12,9,9,9,6,6,6,0,0,0
7020914,3,3,9,3,9,12,15,9,3,12,12,9,3,3,3,0,0,0,0
7020906,6,9,9,12,6,12,15,18,12,9,15,15,6,9,6,6,0,0,0
7020908,0,6,15,9,3,6,3,9,0,9,9,9,6,3,3,3,3,3,0
7020918,9,6,12,6,12,15,15,9,9,6,6,6,3,0,3,0,3,0,3
7021066,6,12,9,9,6,21,9,9,18,12,12,18,9,0,3,0,3,0,0
7020940,6,12,18,18,12,3,6,9,12,18,15,12,18,18,12,3,3,3,0
7020867,18,12,12,9,9,9,12,21,21,12,12,12,9,9,9,0,0,0,3
7020869,9,12,15,18,6,6,21,12,12,15,9,6,12,9,9,6,0,0,0
7020899,6,3,12,6,6,9,6,3,6,12,6,6,15,12,3,3,0,0,0
7020858,15,9,15,15,15,9,6,15,15,12,18,21,9,15,9,9,3,3,0
7020868,3,3,9,15,6,12,9,3,6,9,15,9,12,6,0,3,0,0,0
7034734,0,6,12,9,12,9,6,6,9,12,18,9,9,3,6,0,0,3,0
7020944,6,6,3,6,6,9,9,15,6,3,6,9,3,0,6,0,0,0,0
7021699,6,12,12,9,9,18,12,15,15,15,15,15,6,6,3,15,3,0,0
7021791,6,9,9,6,6,6,3,9,6,15,15,9,9,3,0,0,3,3,3
7021705,0,3,12,12,18,3,3,6,3,12,18,6,6,6,6,6,3,3,0
7021792,15,18,15,12,9,18,15,24,18,9,9,15,18,3,9,3,6,0,0
7021793,6,15,21,9,9,9,12,18,21,15,15,15,9,15,9,6,3,0,0
7021808,3,15,6,3,15,3,9,9,9,9,3,9,9,0,3,3,3,3,0
7021806,6,6,12,6,9,12,15,6,9,9,9,6,9,6,3,12,3,3,0
7021807,9,3,9,0,9,12,12,15,6,6,6,9,0,9,3,3,0,0,0
7021713,3,18,15,9,15,6,9,12,12,12,9,9,6,9,9,6,0,0,0
7021725,9,6,9,18,12,15,6,18,9,21,18,9,15,9,12,9,3,0,0
7021500,3,6,9,9,12,6,12,3,6,9,3,0,3,3,3,0,0,0,0
7021728,6,12,6,6,9,15,15,9,12,6,15,12,15,15,12,6,0,0,0
7021717,6,15,12,18,9,6,6,12,12,18,15,12,9,12,9,6,3,0,0
7021722,6,9,9,12,15,6,9,9,9,12,12,6,12,6,6,0,3,3,0
7034926,15,12,6,6,9,12,12,21,12,9,18,15,21,18,15,6,6,0,3
7021495,9,9,15,15,12,6,12,6,9,21,12,9,6,12,9,3,6,0,0
7021328,12,12,12,15,15,12,9,24,15,9,9,18,9,12,3,6,0,3,0
7021330,3,9,12,15,3,9,9,6,9,15,12,15,15,6,6,6,0,0,0
7021329,6,6,9,3,3,6,6,6,9,9,9,6,6,3,3,3,0,0,0
7021493,0,0,3,12,0,3,6,3,6,3,12,9,3,3,6,0,0,0,0
7021510,6,12,18,12,9,9,9,9,24,18,15,9,18,6,3,6,3,3,0
7021508,3,0,3,3,0,3,6,0,9,6,9,6,9,6,3,3,3,3,0
7021513,3,3,15,12,3,3,15,3,12,18,12,12,9,6,3,3,3,0,0
7021335,6,6,12,15,9,6,15,6,15,15,18,12,9,9,3,6,0,0,0
7021515,6,15,21,15,12,3,9,9,18,15,15,18,15,6,15,6,3,0,0
7021337,3,12,12,6,6,6,9,9,15,9,6,15,6,9,3,3,3,3,3
7034860,9,9,18,6,18,18,12,15,9,12,24,15,6,3,6,3,3,0,0
7021350,9,9,15,15,12,18,15,12,9,9,18,12,6,6,6,0,0,0,0
7021348,6,6,6,18,9,21,9,12,9,15,15,12,18,15,6,0,0,0,3
7034817,,,,,,,,,,,,,,,,,,,
7021370,12,6,3,6,0,3,15,12,6,9,6,9,9,0,0,3,0,0,0
7034802,6,6,9,9,9,12,12,9,9,6,6,12,6,6,6,0,0,3,3
7021253,3,9,12,12,9,12,18,9,9,12,15,21,15,6,6,12,6,3,0
7021255,6,6,6,12,24,15,9,6,9,3,9,12,9,6,3,3,0,3,0
7021250,12,15,24,21,15,6,9,21,15,21,30,24,12,9,6,0,3,3,0
7021345,9,15,12,6,15,18,21,18,18,12,12,9,9,6,9,6,0,3,3
7021214,3,12,15,15,6,6,3,3,12,12,18,15,6,6,3,3,0,0,0
7021215,3,3,9,12,12,0,6,3,3,6,15,12,6,3,9,3,3,0,0
7021185,6,6,3,6,9,9,9,9,6,9,3,6,3,3,0,9,3,3,0
7021176,12,9,9,12,21,15,15,6,12,12,15,15,9,6,9,3,3,0,0
7021184,6,12,18,9,12,6,12,15,18,24,12,6,9,3,0,6,6,0,0
7021156,6,9,6,12,9,9,6,12,6,12,12,6,6,6,6,6,3,0,0
7021155,9,9,9,6,12,9,12,12,9,15,15,12,9,3,3,3,3,3,0
7021157,9,18,12,12,15,9,15,15,9,15,6,6,6,6,0,3,0,0,0
7021160,9,6,12,12,6,12,12,21,18,15,9,12,6,9,12,3,3,0,0
7021283,9,12,6,3,6,12,3,12,9,9,18,15,21,9,21,15,21,12,24
7021233,6,3,12,21,9,3,9,3,3,15,24,12,12,3,6,3,3,3,0
7021234,9,6,15,9,6,3,3,9,9,9,12,12,9,9,9,6,0,0,0
7021232,6,3,3,12,18,9,6,3,9,12,15,15,15,12,0,6,0,3,0
7021238,6,15,21,12,9,3,6,3,9,18,12,6,12,9,3,3,3,0,3
7021202,6,3,9,6,12,12,6,6,6,12,6,9,6,6,0,3,3,3,6
7034799,3,3,12,12,9,3,6,3,3,9,15,6,9,6,3,6,0,0,3
7021207,9,6,12,21,15,6,6,12,12,15,15,12,6,9,6,3,0,0,0
7021197,3,12,18,9,15,6,9,6,15,12,15,15,6,6,3,6,3,0,0
7021165,12,9,12,12,18,15,3,12,15,12,12,15,15,9,6,6,0,3,0
7034864,3,3,6,6,9,9,9,6,12,9,12,3,12,9,6,6,0,3,0
7034867,3,3,6,3,9,30,30,15,9,3,12,15,12,15,9,3,6,3,0
7034865,0,6,6,6,24,21,12,6,12,9,9,9,6,6,6,9,6,0,3
7021546,0,3,3,6,9,21,21,9,9,12,6,3,3,6,3,3,0,0,0
7021549,0,3,3,9,36,42,27,12,6,9,3,6,6,0,6,3,0,0,0
7034818,0,3,0,18,18,12,12,0,3,3,3,12,6,6,0,6,0,0,0
7021361,0,3,0,15,24,15,15,12,6,0,9,6,6,0,3,3,0,0,0
7034875,0,3,3,168,33,27,24,15,6,6,6,6,0,0,0,0,0,0,0
7034876,6,9,0,15,33,36,33,12,15,12,9,6,3,3,3,0,0,0,0
7034829,0,0,0,15,39,9,6,0,0,3,6,0,0,0,0,0,0,0,0
7021427,0,6,3,81,15,15,24,21,12,6,6,3,6,6,0,0,0,0,0
7021598,0,0,0,9,21,21,15,6,3,3,0,3,3,0,0,0,0,0,0
7021434,0,0,0,6,18,6,12,9,9,6,6,3,6,3,6,3,0,0,0
7034844,0,0,0,3,12,18,21,9,6,6,6,3,0,0,3,0,0,0,0
7021622,12,3,0,12,84,78,69,30,21,15,15,12,6,12,6,3,0,3,0
7021608,0,0,3,30,27,12,6,6,3,6,3,3,3,0,0,0,0,0,0
7021591,0,0,0,0,0,6,6,3,6,6,3,0,6,6,3,0,3,3,0
7021594,3,3,3,9,42,45,24,27,6,15,9,9,3,0,0,0,0,0,0
7021827,0,0,3,0,6,12,15,6,3,3,3,3,6,12,9,6,6,3,0
7021742,0,0,3,0,12,21,21,6,3,3,3,6,3,0,6,3,0,0,0
7021753,3,0,3,6,18,21,15,3,6,6,9,6,12,3,6,6,0,0,0
7021614,3,6,6,3,6,6,6,0,6,6,6,6,6,3,0,3,3,0,0
7021616,3,3,3,3,33,27,15,12,9,0,6,12,6,9,3,3,3,0,0
7021635,3,6,0,9,24,27,18,9,6,3,6,3,3,3,0,0,0,0,0
7034851,3,3,3,21,36,18,15,3,9,3,6,6,3,6,3,3,0,0,0
7021457,3,3,3,3,18,27,18,9,6,3,3,3,9,0,3,6,0,0,0
7021654,3,0,0,21,51,21,15,9,3,9,9,6,6,0,3,0,0,0,0
7034915,6,6,6,27,108,42,30,15,12,3,3,9,6,3,9,0,3,0,0
7021458,3,0,3,15,42,45,15,9,9,6,15,9,3,9,3,0,3,0,0
7034917,9,0,0,12,12,12,9,6,3,6,6,0,9,6,0,3,6,3,0
7021267,9,9,12,6,18,18,9,18,9,15,12,9,9,3,6,0,3,0,0
7021268,6,3,12,12,18,15,15,3,9,12,21,9,6,6,3,3,0,0,0
7021272,6,6,6,9,12,6,9,9,9,6,12,9,6,3,12,6,3,0,0
7021274,3,6,9,9,27,21,12,21,9,12,9,3,0,3,6,3,0,0,0
7021371,3,0,0,6,6,6,6,6,0,3,12,12,9,6,3,6,6,0,0
7021290,3,6,6,6,57,21,9,3,6,6,6,6,6,9,9,6,0,3,0
7021391,0,6,0,12,48,12,9,12,9,6,6,15,6,6,3,3,6,0,0
7021286,0,0,0,9,66,18,15,6,6,3,3,6,3,0,3,0,0,0,0
7021378,0,3,6,21,45,15,12,9,6,6,12,12,15,3,15,9,3,3,0
7034821,0,0,0,114,12,0,0,0,3,0,0,0,0,0,0,0,0,0,0
7021390,0,3,9,9,6,18,9,6,3,6,12,9,12,9,6,3,6,0,3
7034824,3,0,3,15,21,15,6,6,12,6,3,3,12,0,6,9,3,3,6
7034826,0,6,6,3,18,9,6,3,3,6,3,15,6,3,0,6,3,0,0
7021397,0,0,0,42,66,33,6,3,0,0,0,6,6,3,3,0,3,0,0
7034803,3,6,6,15,21,30,12,12,9,12,15,12,12,6,3,6,3,0,0
7021411,6,3,0,39,75,21,6,9,0,3,3,3,0,6,0,0,0,0,0
7034840,0,0,3,24,57,33,21,6,6,6,12,9,3,3,0,0,0,0,0
7021461,6,3,3,9,9,6,9,9,6,9,6,3,3,3,3,0,0,0,0
7034836,3,6,15,21,30,24,24,9,6,15,9,12,3,3,6,6,3,0,0
7021443,3,3,3,6,30,18,21,6,6,6,9,3,0,3,3,3,0,0,0
7021306,3,3,3,6,12,6,3,3,3,6,12,9,6,3,3,3,0,0,3
7021305,9,3,18,9,21,24,18,12,9,12,18,15,12,6,3,3,0,0,0
7021313,0,9,12,9,21,12,6,6,12,9,15,6,6,3,0,3,0,0,0
7021473,9,9,9,12,15,21,21,6,12,12,9,6,3,0,3,0,3,3,0
7021474,6,3,3,3,9,6,15,15,6,6,9,15,12,12,6,3,0,0,0
7021680,3,3,6,9,27,15,12,3,3,9,12,9,6,6,0,3,3,0,0
7021677,3,0,3,0,30,27,21,9,6,0,3,3,0,0,3,0,0,0,0
7021681,6,6,3,6,54,18,21,12,3,9,6,0,3,6,6,3,3,0,0
7021690,3,6,6,6,33,15,15,15,12,9,6,6,9,9,0,0,0,0,0
7034957,,,,,,,,,,,,,,,,,,,
7021996,12,15,12,18,6,9,15,21,18,15,15,15,9,6,9,9,3,0,0
7034954,6,0,3,3,3,12,12,9,3,9,0,6,0,6,3,3,0,0,0
7034955,6,6,6,9,9,15,15,12,15,12,15,3,6,3,3,0,0,0,0
7021991,6,6,9,6,24,18,6,15,18,18,9,6,9,6,3,3,3,0,0
7021669,0,3,0,6,24,9,6,15,6,6,3,6,3,3,3,3,0,0,0
7021666,6,9,6,9,27,12,9,9,3,9,6,9,6,6,0,3,0,0,0
7021667,3,3,3,3,24,18,12,9,3,6,6,9,9,3,3,0,0,0,0
7021973,3,6,6,6,24,36,27,15,12,12,9,12,15,9,9,6,0,3,0
7022041,9,6,3,3,12,18,24,15,6,9,12,6,9,9,3,0,0,0,0
7021971,6,0,3,3,12,9,18,12,12,9,6,9,6,3,3,6,0,3,0
7021979,3,0,3,0,18,18,15,3,3,3,3,0,0,0,0,3,0,0,0
7034964,6,0,6,3,9,9,12,12,9,15,9,9,9,9,3,6,6,0,3
7021981,3,9,6,3,9,6,18,12,6,3,6,3,9,3,3,0,0,0,0
7034965,6,3,6,9,18,12,18,6,9,3,6,3,3,3,0,3,0,0,0
7034951,0,0,3,0,3,9,6,6,6,6,3,3,3,0,0,6,0,0,0
7021982,6,6,0,3,0,0,3,6,0,3,6,6,6,3,6,0,0,3,3
7021990,9,3,3,9,15,33,30,21,12,3,12,15,9,6,3,0,3,0,3
7034969,9,6,6,6,6,18,9,12,3,9,3,3,3,3,3,0,0,0,0
7022060,12,9,6,6,6,12,15,12,9,9,3,9,9,12,6,6,3,0,3
7022075,9,6,9,6,15,24,30,15,6,9,12,12,6,3,3,3,3,0,3
7022067,12,9,15,9,12,24,15,12,18,6,9,9,6,6,3,6,3,0,0
7022069,6,9,3,6,9,15,24,9,9,12,9,6,9,6,3,0,0,0,0
7022093,3,9,6,6,6,6,12,12,6,12,6,9,3,3,0,3,0,0,3
7022095,12,9,3,12,12,15,15,9,9,3,15,9,6,12,6,6,0,0,0
7022088,9,6,6,0,12,15,9,12,15,6,12,6,9,3,3,6,0,0,0
7022096,9,9,18,15,9,24,12,15,15,9,21,9,6,6,3,3,6,0,0
7034966,9,12,3,12,9,9,18,9,9,12,9,6,9,0,3,6,3,3,0
7022040,6,6,3,3,3,15,6,6,9,6,9,9,3,6,6,6,6,3,0
7022035,3,6,12,9,39,30,12,9,9,18,6,12,9,6,6,3,3,0,0
7021776,3,6,6,12,12,18,18,9,9,12,15,18,12,9,0,3,0,0,0
7021789,3,9,9,6,33,15,18,15,9,9,9,6,3,6,3,3,3,3,0
7021787,3,3,3,9,12,12,18,9,12,12,6,6,6,3,0,3,0,0,0
7021780,3,3,6,6,6,9,18,6,9,6,9,3,3,3,0,0,0,3,0
7021773,3,6,6,3,39,33,15,12,6,6,12,3,12,6,0,6,3,0,0
7021844,9,6,9,6,12,6,15,3,12,15,6,6,9,6,6,6,3,0,3
7021833,12,6,6,12,27,18,21,24,9,6,12,9,12,6,0,6,3,3,0
7021835,6,3,6,6,6,6,3,6,6,9,9,15,12,3,3,3,3,0,0
7021766,0,3,3,3,15,15,9,3,15,6,9,3,6,0,0,3,0,3,0
7021768,3,3,9,12,30,27,21,9,6,12,9,12,6,6,3,0,0,0,0
7021824,6,3,3,0,6,18,18,6,9,9,9,6,6,3,6,6,0,0,0
7021823,3,3,3,9,12,15,9,6,6,6,6,3,6,3,9,6,0,0,0
7021816,0,0,6,3,18,9,9,0,0,6,9,12,9,3,3,3,3,0,0
7021820,3,9,3,6,15,6,15,12,3,6,9,12,6,3,9,6,3,3,3
7021905,15,9,18,6,6,12,15,15,9,12,9,15,15,3,3,0,0,0,0
7021908,12,3,6,9,9,9,21,18,6,3,15,18,6,6,6,0,0,0,0
7034949,6,6,0,3,3,6,3,6,9,6,0,3,3,0,0,0,0,0,3
7021951,6,12,12,18,18,9,15,12,6,15,27,21,12,9,9,0,3,0,0
7021952,0,3,9,12,9,12,9,9,12,12,15,12,3,6,6,0,0,3,0
7021955,9,6,6,12,15,15,12,9,6,15,6,15,12,6,9,0,0,0,0
7022002,6,3,12,6,6,6,6,6,6,9,15,6,9,6,9,6,3,3,0
7022014,6,9,9,18,3,15,9,15,9,15,18,18,21,12,6,9,6,3,0
7022005,3,6,9,15,9,9,0,6,9,6,15,6,6,9,6,3,0,0,0
7021942,3,3,3,3,6,9,9,6,0,6,3,3,0,6,0,0,0,0,0
7022024,6,3,3,9,9,15,3,6,3,9,6,12,9,9,6,6,0,3,0
7022000,12,12,9,12,6,9,15,9,15,6,9,12,3,0,3,0,0,0,0
7022058,6,12,9,6,3,12,9,12,12,18,12,12,15,9,6,3,0,0,0
7022053,6,3,9,9,12,12,21,3,9,6,6,12,6,3,6,3,0,0,0
7022056,9,6,3,3,3,9,6,9,6,6,9,6,6,3,0,0,0,0,0
7022057,9,9,6,3,12,12,9,9,15,9,6,3,6,6,0,0,3,0,3
7021923,12,3,9,6,15,18,21,12,18,9,12,12,12,3,12,6,6,0,0
7021914,6,3,12,12,12,18,9,12,12,6,15,9,0,3,0,3,0,6,0
7021480,6,3,3,3,12,9,3,9,9,12,6,3,9,9,6,0,3,3,0
7021910,3,6,15,18,18,18,21,12,12,18,18,9,6,6,3,3,3,0,0
7021853,3,9,15,6,3,3,6,12,15,15,18,12,9,9,3,9,0,0,0
7021854,9,18,18,21,12,12,3,18,6,9,12,6,3,3,0,0,0,3,0
7021893,6,3,12,0,9,9,9,12,12,12,6,6,3,12,3,3,0,3,0
7022118,9,9,6,6,18,9,15,12,18,12,12,9,3,3,0,0,0,0,0
7021896,,,,,,,,,,,9,,,,,,,,
7022131,12,15,9,12,9,12,6,12,6,21,6,12,9,12,6,3,3,3,3
7022132,3,3,9,6,6,0,6,6,9,9,9,6,9,15,9,6,6,3,3
7022136,9,12,6,9,18,15,15,12,12,9,9,9,9,15,6,9,6,3,0
7021865,3,9,6,3,6,6,0,6,9,9,9,12,12,6,3,6,3,0,0
7021866,3,6,9,12,6,0,6,3,6,12,12,15,18,12,9,6,0,0,0
7021869,0,3,9,6,6,3,0,6,3,6,12,6,12,15,12,6,3,3,3
7021870,3,6,6,6,9,6,12,9,6,6,9,12,6,9,6,6,0,0,0
7021871,3,3,6,6,0,6,9,6,6,6,9,9,12,6,6,0,0,0,3
7022163,0,3,9,9,0,0,0,0,3,6,9,9,3,3,3,0,0,3,0
7022139,3,3,9,6,3,3,3,6,6,6,6,9,18,6,9,0,3,0,0
7022150,21,21,9,12,12,18,12,12,6,12,6,3,9,6,6,3,0,0,0
7021025,9,15,15,6,9,6,9,24,15,9,6,3,3,3,0,3,3,0,0
7034766,3,6,15,12,6,9,12,15,12,9,9,6,6,9,9,3,0,3,0
7021037,6,6,3,3,6,6,6,9,6,3,0,6,6,9,3,3,0,0,0
7021019,3,9,6,9,3,6,12,6,9,3,9,9,6,9,3,0,6,6,0
7020929,12,15,12,6,6,18,18,15,15,15,9,6,9,6,6,9,0,0,0
7021011,12,9,18,9,9,9,6,15,15,18,12,12,3,0,6,3,3,3,0
7021003,6,15,18,12,12,9,18,12,9,9,12,6,6,3,6,3,3,0,0
7021008,9,12,12,9,6,12,18,12,18,15,9,12,12,12,9,3,0,0,0
7021018,6,9,6,9,6,6,3,6,9,9,6,6,3,6,6,9,3,0,3
7021109,9,12,15,9,12,12,18,12,6,15,12,6,12,3,9,3,3,0,0
7021103,3,12,9,3,6,6,6,9,9,6,3,9,6,3,9,3,0,0,0
7020996,12,12,15,12,9,9,15,12,12,9,12,12,12,6,3,6,3,6,0
7021098,15,15,15,15,12,15,15,9,15,6,12,9,6,0,3,3,0,0,0
7034784,12,9,9,6,6,12,18,12,6,12,6,6,9,0,0,0,0,0,0
7034783,9,6,6,6,6,9,15,15,15,9,6,3,6,9,3,0,0,3,0
7021119,9,12,15,27,12,3,15,15,9,9,15,21,9,12,3,9,3,0,0
7021121,12,9,9,9,3,6,9,12,12,9,12,9,15,15,6,3,3,3,0
7021149,9,6,9,6,9,9,6,6,3,3,3,6,6,3,0,9,3,0,0
7034774,9,15,9,6,6,18,27,21,18,15,12,15,12,3,0,6,0,0,0
7020975,6,9,15,9,9,12,21,12,12,21,18,12,6,6,3,3,3,3,0
7020981,15,12,6,9,9,21,21,12,15,9,9,9,6,0,6,3,3,0,0
7020984,9,9,12,18,6,9,21,15,12,15,9,6,3,3,0,3,6,0,0
7020985,12,6,3,3,15,21,21,15,9,18,6,12,12,6,6,0,3,0,0
7021073,9,6,9,12,6,12,3,15,9,6,15,6,6,6,0,6,3,0,0
7021080,18,12,9,9,9,6,6,21,9,9,18,6,6,3,3,3,0,3,0
7020971,12,12,21,3,15,24,24,15,18,12,15,6,3,6,6,0,0,0,0
7020970,21,15,9,9,15,18,30,18,18,15,12,12,9,3,3,0,0,0,0
7020966,6,6,3,0,9,6,21,15,9,6,6,3,3,6,6,6,6,12,12
7020987,12,9,6,3,6,9,21,15,9,6,6,6,6,3,3,0,0,0,0
7020958,21,12,6,9,3,9,21,15,15,6,9,9,12,3,3,0,6,3,3
7020889,9,12,6,6,6,6,9,15,12,12,15,6,3,3,0,6,6,0,0
7020887,6,9,12,6,9,9,15,15,12,9,6,9,6,6,3,3,6,3,0
7034756,3,9,9,6,12,18,15,15,12,12,6,9,3,3,3,0,0,0,0
7020901,12,12,9,12,15,18,18,21,9,12,9,9,12,12,3,0,3,3,0
7034750,6,3,9,9,6,12,9,9,6,9,15,3,12,0,0,0,0,0,0
7020923,12,6,9,6,18,21,15,12,21,3,9,9,6,3,0,3,3,0,0
7020922,9,18,15,12,6,9,9,21,18,15,0,3,3,9,3,3,0,0,0
7034749,3,3,9,3,3,3,9,3,0,6,6,3,3,0,3,3,0,0,0
7020919,3,6,9,9,6,6,12,9,12,9,9,6,6,9,6,0,3,3,0
7020848,6,9,15,15,6,15,12,15,15,15,9,12,9,3,9,6,3,0,0
7020844,6,9,12,9,24,12,15,15,15,9,12,18,3,0,9,3,0,3,0
7020849,12,6,12,15,18,12,15,12,9,18,9,9,12,6,3,6,3,0,3
7020943,12,9,6,3,6,3,18,9,9,6,6,6,6,12,3,6,0,0,0
7021052,18,12,12,15,6,15,21,15,12,15,18,15,9,18,3,0,0,0,0
7020862,6,18,15,18,12,9,3,6,15,15,12,21,12,6,6,6,3,0,0
7020859,12,21,21,12,9,15,33,24,24,18,9,6,12,3,0,0,0,0,0
7020857,3,3,6,12,12,6,3,3,6,9,12,18,6,6,0,0,0,3,0
7021491,3,3,12,27,12,21,6,3,12,15,18,15,15,15,6,3,3,0,0
7021697,15,15,6,12,6,15,12,18,12,6,15,9,6,6,12,6,0,0,3
7021706,3,9,21,15,3,6,3,9,9,12,21,12,12,3,6,9,3,3,0
7021795,12,12,9,9,9,12,15,9,12,15,18,3,15,12,6,3,0,3,0
7021798,9,12,21,12,3,3,21,6,9,21,18,21,15,6,6,6,3,3,0
7034905,3,0,0,3,15,12,15,6,9,6,9,3,3,3,0,0,0,0,0
7034904,3,3,0,3,18,21,15,15,9,3,6,3,3,3,3,3,0,0,0
7021621,3,0,0,3,0,6,12,15,6,3,9,6,15,6,12,9,9,3,0
7021802,6,15,18,9,3,3,9,9,12,15,24,9,6,0,6,6,0,0,0
7021711,3,15,15,15,9,9,0,3,12,12,15,15,15,6,3,12,6,0,0
7021716,6,3,3,9,6,3,6,6,3,12,9,3,9,15,6,9,3,0,0
7021727,9,6,9,12,6,9,9,9,12,9,18,12,6,15,9,15,6,3,0
7021714,0,3,9,15,6,3,3,0,3,9,9,6,6,9,6,6,3,3,3
7021494,6,9,12,6,3,9,9,6,6,15,6,12,6,3,3,0,3,0,0
7021488,6,18,12,6,6,12,0,12,21,12,12,12,12,15,3,3,0,0,0
7021333,3,0,9,9,0,6,6,3,9,3,6,6,3,6,0,6,6,3,0
7021503,12,6,12,6,15,6,6,12,15,9,18,12,3,3,3,6,3,0,0
7020855,3,15,15,21,12,6,3,3,15,21,15,12,9,9,6,3,6,0,0
7021334,3,0,6,3,9,12,6,0,3,12,9,6,6,0,0,3,3,0,0
7021343,0,0,0,0,0,0,0,0,0,0,0,3,0,3,12,21,39,21,18
7021528,9,6,6,18,15,24,15,15,15,6,18,9,9,6,6,3,0,0,3
7021530,6,3,15,12,15,18,9,0,3,6,15,9,3,12,3,0,3,0,0
7034814,9,6,3,9,12,6,6,9,12,12,15,9,12,9,12,6,3,0,0
7021359,3,6,3,3,12,6,9,6,6,6,9,9,6,3,6,3,6,0,0
7021340,3,9,12,15,12,6,9,12,12,18,12,15,6,3,12,6,3,3,0
7021251,3,6,3,6,6,9,12,9,9,6,6,3,3,3,0,3,0,0,0
7021224,0,3,0,0,12,3,3,3,3,0,0,3,3,3,0,3,3,0,0
7021178,9,6,15,12,15,21,15,12,12,12,6,6,9,0,6,6,0,0,0
7021183,6,9,6,12,12,9,12,9,15,12,15,12,9,6,6,3,3,3,3
7021281,6,9,18,6,15,12,6,9,9,12,9,12,12,9,12,3,3,0,0
7021237,9,3,9,6,12,6,0,15,15,9,12,6,9,6,3,3,0,3,0
7021249,12,6,9,9,6,12,12,6,15,15,9,6,3,0,3,0,3,0,0
7034800,3,6,3,9,9,24,6,6,3,9,6,3,3,6,9,3,0,0,0
7021166,6,18,15,9,6,9,12,12,24,15,6,9,6,3,3,3,3,0,0
7021167,3,6,6,9,15,12,6,6,3,12,9,3,3,3,3,0,3,0,0
7021201,6,9,6,3,15,9,9,12,3,6,3,9,6,6,6,0,0,0,0
7021550,3,3,3,6,12,21,9,6,3,6,6,0,9,0,0,0,0,0,0
7021543,3,3,3,15,18,30,12,9,3,12,3,15,6,6,6,3,3,3,0
7021362,3,6,3,3,12,24,15,12,6,6,15,0,6,6,6,6,0,0,0
7034880,0,3,0,18,42,21,15,6,6,3,3,3,3,3,6,3,0,0,0
7034839,6,0,0,3,30,24,18,6,15,6,9,6,6,3,3,0,0,0,0
7034893,6,3,3,27,48,21,6,9,3,0,6,3,0,0,0,0,0,0,0
7021601,3,0,0,12,21,18,3,6,3,3,3,3,3,6,6,3,0,0,0
7021607,6,0,0,9,36,30,39,27,9,9,3,6,6,3,0,0,0,0,0
7034896,3,3,0,3,6,9,9,6,6,3,6,12,9,9,9,9,6,3,3
7021843,3,9,9,6,21,21,12,15,12,21,12,15,21,18,6,9,0,0,0
7034930,3,3,3,3,12,15,6,9,9,6,9,6,9,9,9,3,3,0,0
7021736,3,0,6,6,15,6,9,6,9,3,9,15,15,12,12,9,9,0,0
7021747,3,3,0,0,15,12,9,6,9,9,3,6,6,3,0,0,3,0,0
7034931,0,0,0,3,27,24,21,12,3,3,6,3,9,0,6,3,0,0,0
7021743,3,3,6,9,3,18,21,12,9,3,6,6,9,6,6,3,3,0,0
7021611,0,3,3,3,18,30,12,3,6,6,6,6,0,3,0,0,0,0,0
7021613,3,0,3,12,15,15,6,3,3,3,12,6,0,3,3,3,0,0,0
7021442,0,0,0,39,132,42,12,0,3,0,0,0,0,0,0,0,0,0,0
7034850,,,,,6,,,,,,,,,,,,,,
7021640,0,0,0,72,6,0,0,0,0,0,0,0,0,0,0,0,0,0,0
7021645,3,3,6,15,69,27,12,6,12,3,3,6,3,0,0,3,0,3,0
7021460,3,0,3,12,30,15,9,6,6,3,6,6,6,6,6,3,0,0,0
7021280,6,12,15,9,42,27,12,9,12,12,12,6,6,3,9,3,0,3,0
7021373,3,3,9,15,36,27,18,12,12,12,18,12,12,6,3,0,3,0,0
7021288,0,0,3,15,39,18,15,6,6,6,6,3,3,6,3,0,0,3,0
7034804,0,3,3,3,18,9,3,6,3,6,6,12,0,12,3,6,0,0,0
7034805,6,6,3,6,24,15,15,12,9,9,15,9,9,6,6,0,0,0,0
7021439,9,6,3,6,6,9,18,12,21,21,21,24,12,21,27,9,12,9,0
7021441,3,3,3,12,51,51,24,18,0,3,0,0,0,0,0,3,3,0,0
7021464,3,3,15,9,30,24,12,6,12,15,9,15,9,0,6,0,3,0,0
7021470,3,3,6,6,9,15,6,6,6,9,6,9,6,3,6,3,0,0,0
7021688,3,3,3,21,27,30,18,15,9,6,12,6,9,6,3,3,3,0,0
7021670,3,6,6,6,36,24,21,12,6,6,6,3,3,9,3,0,3,0,3
7021661,3,3,6,6,15,18,12,6,9,12,12,6,3,3,3,0,0,0,0
7021972,6,6,3,15,21,15,12,12,6,3,3,0,6,9,3,0,0,0,0
7022043,3,3,3,6,12,18,18,18,12,12,12,15,6,6,6,0,3,0,0
7021929,6,6,3,0,30,36,21,18,6,9,9,9,12,6,9,6,15,9,12
7021986,9,3,0,3,21,30,15,9,12,6,3,3,3,0,0,3,3,0,0
7021998,6,6,15,6,6,12,9,3,15,6,12,3,6,6,9,0,0,0,0
7022051,6,6,3,0,6,9,0,12,9,6,6,3,9,0,0,3,3,0,0
7034968,12,9,9,15,18,21,15,6,18,9,18,15,15,12,6,3,0,3,0
7022062,0,6,9,3,6,6,3,3,9,9,12,6,12,6,3,6,0,0,0
7022070,12,12,9,6,6,15,18,15,9,6,6,6,15,6,0,3,0,3,3
7022100,0,3,3,9,15,9,3,3,3,3,18,9,3,0,3,3,0,0,0
7022099,,,,,,,,,,,,,,,,,,,
7022086,6,9,3,6,21,24,21,12,12,3,3,6,6,6,0,3,0,3,0
7022089,3,6,6,6,6,6,9,9,3,12,12,6,6,6,3,3,0,0,3
7022090,9,3,0,6,3,6,9,9,12,6,9,3,3,3,6,9,6,0,0
7022031,6,0,3,3,9,18,12,3,3,3,3,9,3,0,0,3,0,0,0
7022028,6,3,9,0,12,9,24,12,9,12,9,6,3,0,0,0,0,0,0
7021782,3,0,9,12,15,15,9,3,6,6,6,3,3,0,0,0,0,3,0
7021771,3,6,9,3,12,15,12,9,9,9,9,9,6,6,3,0,0,0,0
7021834,6,0,6,6,3,12,6,3,9,9,9,6,6,3,3,0,0,3,0
7021775,0,9,9,6,6,18,6,6,9,6,9,9,3,6,6,3,3,0,0
7021829,0,3,6,9,15,12,15,3,3,9,6,9,9,6,6,6,3,0,0
7021836,9,6,3,12,24,21,21,12,6,9,9,6,6,3,0,3,0,0,0
7021830,9,6,9,9,27,21,21,9,6,6,6,6,12,0,6,3,0,0,0
7021817,0,0,6,9,18,21,18,6,3,6,9,9,6,0,3,6,3,0,0
7021819,3,3,3,3,6,15,18,9,6,9,9,9,6,6,6,3,0,0,0
7021815,0,0,3,3,0,15,3,6,0,3,3,6,3,3,6,15,3,3,0
7021818,3,6,6,6,18,12,9,6,6,12,6,9,6,0,3,6,0,3,0
7021312,3,9,6,9,12,6,6,6,3,9,15,6,9,9,3,0,3,3,0
7021317,6,12,12,12,3,9,6,12,15,9,12,9,6,3,3,3,0,3,0
7021904,9,9,9,18,21,24,21,15,15,15,21,18,12,12,3,0,3,0,3
7021909,9,12,9,3,3,6,6,12,9,12,12,9,6,9,0,3,3,0,0
7021947,6,12,6,6,9,6,3,3,9,9,15,18,9,3,6,3,0,0,0
7021948,3,12,12,6,0,3,9,9,6,12,3,12,9,0,6,3,0,0,0
7021956,3,9,12,9,21,6,9,6,9,12,9,15,24,6,3,3,0,0,0
7021950,6,12,9,9,6,3,3,9,15,12,12,12,9,12,12,3,6,3,0
7021965,6,3,9,15,12,12,12,12,12,15,9,9,6,6,3,6,3,0,3
7022015,6,9,12,12,6,3,6,3,6,15,15,6,9,6,3,6,0,0,0
7034959,3,6,3,3,3,0,6,9,3,9,3,3,0,3,0,0,0,0,0
7022010,0,6,12,12,6,3,3,3,6,15,9,6,6,3,6,0,3,3,0
7022003,3,6,6,9,9,12,9,3,6,9,6,12,6,3,6,3,6,0,0
7021938,9,12,6,12,3,12,9,6,12,3,6,3,6,3,3,0,3,0,0
7022080,9,15,18,15,9,15,15,15,18,15,12,21,15,9,3,0,3,0,0
7022082,6,12,15,12,18,21,21,21,18,21,18,21,12,3,3,6,0,0,0
7021900,9,15,9,3,6,12,21,21,9,12,18,6,12,6,6,0,6,0,0
7021917,0,6,6,12,12,12,6,15,3,9,9,6,3,6,6,0,3,0,0
7021482,6,3,3,3,24,18,15,9,12,12,15,3,0,6,3,3,0,0,0
7022110,3,3,9,3,9,9,6,6,9,9,3,6,3,6,6,9,3,0,3
7021880,9,9,18,15,12,3,9,6,12,9,18,3,0,3,9,3,6,0,3
7022105,6,6,9,6,12,12,12,9,6,12,9,12,9,6,6,0,3,6,3
7022112,3,0,6,3,6,3,6,6,9,6,9,3,6,9,3,3,0,0,0
7022113,3,0,6,9,9,9,12,3,3,6,12,6,6,0,9,3,3,0,0
7022115,,,,,,,,,,,,,,,,,,,
7022119,9,12,9,6,9,12,9,9,12,6,6,6,3,9,6,3,0,3,0
7022129,3,3,6,15,6,3,3,3,6,6,9,15,9,6,3,3,0,3,0
7022124,3,9,6,6,9,18,18,3,6,6,6,6,6,6,3,6,0,0,0
7022126,6,6,6,9,15,9,9,12,9,12,6,12,6,9,9,6,6,3,0
7022159,3,6,9,9,0,3,3,6,9,12,15,12,15,3,12,6,0,3,0
7022157,9,15,15,6,3,0,3,9,9,18,9,6,6,3,6,3,3,0,0
7022161,3,9,12,6,6,6,3,6,9,9,6,6,6,3,3,0,3,0,0
7022162,9,9,9,12,6,9,9,0,15,9,21,9,9,6,6,6,3,0,0
7022166,6,6,3,6,3,6,3,3,3,6,6,12,6,3,9,0,3,0,0
7022171,3,15,9,9,9,9,6,15,15,12,18,18,6,6,6,3,3,0,0
7022178,6,9,21,15,3,6,15,12,15,18,9,24,12,9,6,3,0,0,0
7022140,6,6,15,21,12,9,6,12,12,18,24,9,6,9,6,3,3,0,0
7022147,9,9,9,9,3,6,12,15,12,9,15,9,6,3,6,3,3,0,0
7022155,9,9,3,18,6,6,6,6,12,12,9,3,12,9,3,3,3,0,0
7021029,9,15,15,9,6,12,18,15,15,9,3,6,6,6,6,6,0,0,0
7037230,12,9,12,6,15,12,12,6,12,6,6,12,0,3,6,6,0,0,0
7021000,18,15,15,9,12,9,21,15,24,6,21,12,12,12,3,3,0,0,0
7021002,15,6,18,12,15,9,18,18,9,9,12,9,9,3,6,0,3,3,0
7021028,3,9,9,9,6,9,12,12,9,9,3,6,3,3,0,3,3,3,0
7021027,6,6,6,0,0,3,6,9,6,3,3,6,0,15,12,18,12,9,6
7020852,3,6,6,6,6,9,6,6,9,12,9,9,6,3,0,0,3,0,0
7020854,3,12,12,9,9,6,9,12,12,9,6,9,6,3,3,3,0,0,0
7020853,9,6,15,12,3,9,9,12,15,15,9,9,3,3,6,3,0,0,0
7020885,6,12,18,15,12,15,12,18,21,15,15,12,12,3,6,0,3,0,0
7021685,3,6,6,9,12,9,6,3,6,3,6,6,3,0,3,0,3,3,0
7021174,6,9,12,6,3,6,9,6,12,12,9,6,6,9,3,0,0,0,0
7021172,6,9,3,3,9,6,9,21,15,6,6,6,3,0,0,0,0,0,0
7020953,9,6,12,12,6,12,15,15,12,12,12,6,6,3,3,0,0,0,0
7021652,3,3,3,27,81,54,21,24,3,6,3,3,3,0,0,0,0,0,0
7034899,3,3,0,3,15,24,18,12,6,6,3,6,0,3,3,0,3,0,0
7034898,3,3,0,6,6,18,24,6,9,9,6,3,3,3,3,0,3,0,0
7021554,0,3,3,6,27,27,27,12,15,12,12,18,9,15,6,3,3,3,0
7021625,0,6,0,6,12,12,12,9,9,6,9,6,3,0,6,3,0,0,0
7020841,18,24,36,21,18,24,27,18,39,27,21,12,3,3,6,6,0,0,0
7020898,6,0,6,15,6,6,9,3,6,15,15,9,3,0,0,0,3,3,0
7020842,3,6,12,12,6,9,15,9,9,15,15,6,3,3,6,3,0,0,0
7021170,12,12,9,6,12,18,12,12,12,6,6,6,0,0,3,0,0,0,0
7021520,0,12,15,12,15,18,12,6,15,15,12,9,12,6,3,0,0,0,0
7021628,6,3,0,9,27,27,18,12,3,3,3,3,6,0,3,0,0,0,0
7021630,0,3,3,6,6,6,6,3,3,9,3,6,6,3,3,0,0,0,0
7021144,9,9,3,3,3,6,6,12,12,9,15,12,6,9,6,3,0,0,0
7021134,24,12,18,18,15,12,27,30,18,27,24,15,9,6,3,3,0,0,0
7021966,12,18,21,12,18,6,12,9,21,6,9,9,12,3,0,3,0,0,0
7021790,6,12,12,6,6,15,9,12,9,15,3,6,15,6,9,3,0,0,0
7034923,6,3,9,3,6,9,15,9,6,6,6,6,6,6,3,3,0,0,0
7034878,0,0,0,3,18,24,27,9,6,6,3,3,0,0,3,0,0,0,0
7020941,12,12,6,21,9,6,9,15,9,9,12,6,12,6,6,3,3,0,0
7020994,9,12,12,6,12,30,15,21,18,12,12,3,6,3,0,3,3,0,0
7021813,3,0,6,9,15,9,12,12,9,9,6,24,15,12,12,9,6,3,0
7034963,9,6,9,3,12,24,18,6,6,9,6,9,6,3,0,3,6,0,0
7034962,3,3,3,3,6,6,12,12,6,9,9,3,3,3,0,3,0,0,0
7021173,6,12,12,9,9,3,12,12,9,9,9,18,6,9,6,6,3,0,0
7021988,6,6,9,9,30,12,15,15,6,15,12,3,6,3,6,0,0,0,0
7021602,0,6,3,6,15,12,24,9,9,3,0,3,0,0,0,0,0,0,0
7021143,6,9,6,12,9,9,6,9,12,12,12,6,6,9,3,3,3,0,0
7021141,0,9,3,3,15,15,9,9,9,9,6,9,3,0,3,3,3,0,0
7034971,3,3,3,0,0,9,3,12,6,0,3,6,9,6,3,3,0,0,0
7021133,3,12,18,18,9,6,9,3,18,18,24,12,6,12,3,6,3,3,0
7020948,3,6,6,6,6,12,6,6,9,9,0,15,12,3,3,6,0,0,0
7034781,6,6,0,3,12,12,21,6,9,3,9,9,3,9,6,0,3,0,0
7034794,6,3,6,6,9,9,3,3,6,9,9,6,3,6,0,3,0,3,0
7020890,12,9,12,0,12,15,15,12,18,6,9,6,3,0,3,6,0,0,0
7020939,9,12,15,18,12,12,9,9,12,12,9,9,9,12,6,9,3,0,0
7034753,15,27,18,15,18,12,9,30,33,24,21,12,3,9,3,3,3,3,0
7022007,3,9,9,12,9,12,12,6,6,12,18,6,9,6,3,0,0,0,0
7020882,3,9,15,9,9,9,9,9,12,12,15,3,6,3,0,6,0,3,0
7034947,6,6,9,6,9,18,18,12,15,9,12,6,12,6,3,0,3,3,0
7034950,9,9,12,15,6,12,18,12,12,9,12,15,9,12,9,9,0,3,0
7021781,3,6,6,6,12,21,15,12,6,9,12,9,9,9,3,0,3,3,0
7034946,6,6,9,6,9,9,12,6,9,9,6,3,3,3,3,3,0,0,0
7020863,6,9,6,9,9,9,9,12,6,9,12,9,18,9,3,6,3,3,0
7021797,6,3,9,3,15,15,12,6,6,3,6,9,9,6,6,0,3,0,0
7021794,3,6,0,6,12,12,6,9,9,0,6,6,6,3,3,0,0,3,0
7020878,9,12,9,9,3,6,9,12,12,6,6,6,9,3,3,3,3,0,0
7020920,6,6,3,6,6,12,12,6,12,9,3,3,6,6,3,0,3,0,0
7021882,6,6,0,9,12,6,9,9,3,6,3,6,9,3,6,0,0,0,0
7021883,12,12,6,12,24,21,12,15,12,6,6,12,12,6,9,3,6,3,0
7021051,3,6,9,9,6,12,6,6,6,12,15,12,9,6,3,3,0,0,0
7021532,3,0,3,6,27,18,9,3,6,6,12,6,9,0,0,3,3,3,3
7020963,9,3,9,9,6,6,3,6,12,6,9,9,3,3,0,3,0,0,0
7022068,6,6,6,3,3,6,18,12,6,6,3,9,9,3,3,0,3,3,0
7021995,12,9,6,3,3,12,21,15,9,9,9,3,3,6,3,3,0,0,0
7020865,6,0,3,3,12,12,9,3,9,3,12,15,9,12,9,9,6,0,0
7034973,6,12,9,12,9,6,15,18,12,18,12,15,9,9,3,3,3,3,0
7021069,12,9,9,6,3,12,18,18,12,6,3,6,0,3,0,0,3,0,0
7021693,9,12,9,12,12,24,9,24,18,9,9,12,6,0,6,0,0,0,0
7020846,9,15,15,9,18,15,15,18,18,24,9,12,12,6,6,6,3,0,3
7034976,3,6,0,6,0,3,6,9,3,9,6,9,3,6,0,0,0,3,0
7021265,3,6,3,3,6,15,9,3,9,3,6,0,6,3,6,9,0,3,0
7020967,3,6,6,9,3,6,12,6,6,6,12,15,6,6,3,3,3,0,0
7034744,12,12,9,3,9,12,15,27,15,15,9,12,6,6,6,6,3,3,0
7034745,3,3,0,3,3,6,15,3,3,3,9,6,9,6,3,3,0,3,0
7021055,12,9,18,18,15,12,12,9,24,9,9,9,6,6,0,3,0,0,0
7021936,9,12,15,12,6,15,9,18,18,18,18,9,15,9,6,6,3,0,0
7020979,6,6,12,12,6,15,15,15,12,12,9,6,6,6,12,3,0,0,0
7020950,3,6,6,3,6,9,6,9,9,9,6,9,12,3,3,6,0,0,0
7021887,9,9,9,9,6,12,3,12,18,12,9,0,3,3,6,3,3,0,0
7021338,6,9,3,3,9,0,3,6,15,6,9,3,6,6,0,3,0,0,0
7021339,6,9,9,6,9,9,12,9,12,12,9,6,15,9,9,9,0,0,0
7021169,3,6,6,6,6,6,9,9,12,6,12,6,6,3,3,0,0,0,0
7034862,3,3,15,9,12,6,3,3,9,6,12,9,3,3,3,3,0,0,0
7021732,9,9,9,12,27,21,24,6,21,18,12,6,12,6,6,9,3,0,3
7021161,9,12,21,9,21,12,12,18,12,15,12,9,9,6,3,6,3,0,0
7021626,3,6,3,12,27,36,18,9,12,12,6,9,6,12,6,3,0,0,0
7034835,,,,,,,,,,,,,,,,,,,
7020998,12,9,12,9,12,9,3,18,9,9,9,15,6,9,3,3,3,3,0
7021126,9,6,12,9,9,9,12,9,3,12,3,12,6,6,0,0,3,0,0
7020930,12,6,12,12,12,3,6,15,9,9,12,6,0,6,6,3,0,0,0
7021145,6,12,6,3,12,12,15,18,6,6,15,9,9,12,9,0,0,0,0
7034748,0,0,0,0,0,0,0,0,0,3,0,0,0,3,9,45,69,75,75
7021138,9,6,12,6,6,6,15,12,9,9,9,6,12,6,9,3,3,0,0
7034797,3,9,12,6,9,3,9,3,9,6,15,6,6,6,3,3,0,0,0
7034890,3,0,6,3,45,69,51,30,15,12,12,18,12,6,6,0,3,0,0
7034889,0,0,0,9,96,96,66,39,18,9,9,6,3,0,6,0,0,0,0
7034906,3,3,0,0,9,15,12,6,3,3,0,3,0,3,0,3,0,0,0
7034916,0,0,0,0,0,0,0,0,0,0,0,0,0,3,9,15,27,33,51
7034761,15,3,12,3,3,12,21,18,12,3,3,3,6,3,0,0,0,0,0
7034891,6,3,3,6,27,48,33,33,18,9,12,15,9,3,6,3,0,0,0
7034895,6,6,9,54,183,96,84,42,30,21,6,15,3,3,3,0,0,0,0
7034908,3,3,3,3,21,15,24,6,6,6,3,3,0,0,0,3,0,0,0
7034789,,,,,,,,,,,,,,,,,,,
7034793,12,18,12,6,15,21,24,24,21,18,12,3,3,0,0,0,0,0,0
7034790,18,6,6,3,3,15,6,18,12,3,0,0,0,3,3,0,0,0,0
7034956,0,3,3,9,12,12,9,6,6,12,9,12,15,0,6,3,0,0,0
7034847,0,0,3,6,57,21,15,6,6,6,6,0,0,0,0,0,0,0,0
7034886,0,3,0,12,24,21,18,6,9,6,3,3,6,0,0,3,0,3,0
7034881,3,0,0,48,45,12,6,6,3,3,0,0,6,0,0,0,0,0,0
7021593,0,3,0,6,21,24,18,3,6,3,3,3,3,3,3,3,0,0,0
7034845,3,3,0,12,33,21,15,12,9,9,6,3,3,6,3,3,0,0,0
7021581,0,3,0,30,48,18,9,12,6,6,3,0,0,0,3,0,0,0,0
7034894,0,0,0,3,9,15,6,9,9,3,3,0,6,3,3,0,0,0,0
7021588,3,3,0,9,24,15,15,12,6,9,6,9,12,6,3,3,0,3,0
7021604,0,0,3,33,93,39,18,9,12,6,3,0,3,6,0,0,0,0,0
7021687,6,6,6,6,12,18,15,15,12,3,6,3,3,0,3,3,0,0,0
7021689,6,3,6,6,33,45,33,15,12,3,3,6,3,3,0,0,0,0,0
7020952,3,9,12,12,9,6,9,15,12,9,9,6,3,6,3,3,3,0,0
7021600,3,3,0,3,21,15,12,9,9,3,3,9,3,9,0,0,3,0,0
7021599,0,3,0,9,21,9,15,3,6,0,0,6,6,0,6,0,0,0,0
7034897,3,3,6,3,3,3,3,6,3,6,6,15,18,12,15,12,12,3,3
7034859,0,0,0,3,9,6,6,3,3,9,12,15,3,12,3,6,0,0,0
7021989,12,3,3,3,3,15,18,9,6,0,12,9,0,0,0,0,3,0,0
7020977,12,6,6,15,12,15,12,9,24,6,6,12,12,3,9,6,0,0,0
7020976,3,6,12,6,9,9,9,18,9,9,6,9,6,6,6,3,3,0,0
7021632,3,0,0,12,21,18,6,9,9,3,0,6,0,3,3,0,0,0,0
7034877,0,0,0,231,6,0,3,0,0,0,0,0,0,0,0,0,0,0,0
7020874,9,6,6,6,0,6,15,9,6,6,6,3,3,3,3,3,0,0,0
7034740,12,9,15,12,18,3,6,12,12,9,15,24,6,6,3,6,0,0,0
7021931,3,6,3,6,3,15,12,12,3,9,0,6,0,0,3,3,3,0,0
7021930,12,6,6,3,9,24,30,24,12,15,6,12,6,3,3,0,0,0,0
7020955,12,12,9,12,6,9,15,24,12,9,9,3,6,3,9,9,3,0,3
7022065,9,6,9,3,12,12,9,12,6,3,9,0,9,6,3,6,3,3,0
7022071,9,6,6,3,6,12,9,3,6,12,9,6,3,3,3,0,0,3,0
7034772,12,15,12,9,12,6,9,6,24,24,12,6,3,3,3,3,3,0,0
7021719,3,9,9,9,3,3,3,6,12,9,9,9,6,6,3,6,3,0,0
7021975,0,0,3,3,9,18,3,3,9,3,9,3,6,9,3,6,3,0,0
7021974,15,15,21,12,18,15,18,15,6,9,6,9,3,3,3,3,3,0,0
7020881,6,9,12,6,6,12,18,18,12,15,6,12,6,3,3,6,3,3,0
7020995,6,9,6,6,15,18,12,15,12,9,9,6,9,0,3,0,3,0,0
7020965,3,6,9,12,3,6,15,15,6,15,6,9,0,9,9,6,0,0,0
7034782,,,,,,,,,,,,,,,,,,,
7034742,9,9,6,3,9,18,21,24,12,3,6,3,6,3,3,0,0,0,0
7021665,12,6,3,3,27,39,36,24,15,12,9,9,3,6,3,0,0,0,0
7020845,12,18,15,9,12,6,15,15,18,15,15,15,6,6,6,0,3,0,3
7034755,9,3,9,3,0,3,9,15,6,9,3,6,6,6,0,3,0,0,0
7034972,12,9,6,6,9,6,15,12,9,9,9,9,6,3,6,0,3,0,0
7021070,3,6,6,6,12,24,12,18,9,9,12,9,0,3,6,3,3,0,0
7021309,6,6,9,3,9,12,6,9,15,12,6,9,6,6,6,3,3,0,0
7021644,3,0,0,0,9,21,15,12,12,6,3,6,6,9,3,0,0,0,0
7021152,6,9,9,6,9,6,6,9,15,6,6,6,3,3,6,3,3,0,0
7034736,15,27,21,12,9,9,24,27,33,12,6,6,6,3,0,0,3,0,0
7021912,6,3,6,3,3,9,15,15,9,9,6,9,6,3,0,0,3,0,0
7021679,3,0,3,3,27,42,24,12,6,3,3,6,3,6,3,0,3,0,0
7021678,9,6,3,9,36,15,18,9,3,3,3,3,0,3,0,0,0,0,0
7021168,3,12,9,12,3,6,9,12,15,6,12,3,9,9,3,0,0,0,0
7034979,0,0,3,0,3,6,0,6,3,3,6,0,0,3,3,3,0,0,0
7034980,,,,,,,,,,,,,,,,,,,
7034857,,,,,,,,,,,,,,,,,,,
7034752,12,12,15,6,6,6,3,24,15,9,15,3,6,6,0,0,0,0,0
7034978,,,,,,,,,,,,,,,,,,,
7034884,0,0,3,222,27,24,15,9,6,3,6,6,3,3,3,0,0,0,0
7034887,6,0,3,15,33,48,36,27,15,9,15,15,12,3,0,0,3,0,0
7034765,0,0,3,3,3,0,3,3,0,3,3,3,6,3,6,9,12,9,18
7034848,0,0,0,0,9,15,9,6,6,0,3,0,0,0,0,0,0,0,0
7034920,6,3,0,3,21,24,30,21,6,0,3,3,6,0,0,0,0,0,0
7034846,3,0,0,6,18,45,36,15,9,3,3,0,3,3,0,0,0,0,0
7034861,,,,,,,,,,,,,,,,,,,
